"","X1","X2","X3","X4","X5","X6","X7","X8","X9","X10","X11","X12","X13","X14","X15","X16","X17","X18","X19","X20","X21","X22","X23","X24","X25","X26","X27","X28","X29","X30"
"g001",100702,93137,100748,90302,95962,79708,89726,85350,94282,121842,102158,90054,103692,78474,80961,81403,76614,87686,81953,106238,87308,83021,81013,95695,109277,97975,79013,88479,119039,80521
"g002",8654,7926,8930,9196,8882,7993,8479,9865,8015,7060,9523,7124,9004,7840,10012,8161,8789,9250,8816,7514,9565,7690,8946,7980,8919,9059,8227,7858,9253,9145
"g003",3258,3131,3024,3507,3687,2419,2456,2553,2238,2588,2250,2098,2166,1884,2339,1807,1961,1791,1763,1893,1577,1505,1628,1511,1757,1573,1512,1659,1514,1355
"g004",24572,18575,28039,27230,25244,24315,26200,24790,26165,22652,24722,20735,27313,30438,26432,25533,23079,27307,24375,26901,27090,28163,26881,26964,23837,24079,21432,23805,21358,29200
"g005",125565,118382,115517,105728,114457,120633,115978,108458,113169,115742,132714,121729,96647,134781,123007,124228,126771,110148,95926,105201,100622,110298,145240,129146,114071,132796,125034,124525,115182,87204
"g006",1988,2058,2530,2135,2131,2139,2043,2068,2298,2281,2021,2097,2237,1951,1970,2175,1990,2035,2295,2051,2159,1792,2003,2190,2140,2130,2281,2036,2241,2182
"g007",3374,3302,3281,3443,3272,3448,3233,3177,3122,3757,3409,3477,3424,3663,3089,3455,3394,3755,3353,3135,3062,3648,3477,3087,3200,3030,3360,3282,3256,3133
"g008",4322,4666,4390,5351,4594,3912,3873,4958,4408,4732,4873,4209,4826,4854,4752,4643,5066,3674,4090,5010,4257,4806,5320,4852,4647,4837,4548,5217,4900,4781
"g009",36268,37517,39118,39857,36655,31808,33720,34868,36023,32491,38835,35389,40151,39008,41014,34589,34676,34927,42906,34313,38922,43147,38954,35923,35838,35136,33084,37236,47617,43449
"g010",49229,63142,53698,59186,65505,53087,63484,55134,56440,55480,63613,53397,51260,66655,64991,64060,60930,58471,55183,59924,56765,57976,62790,57838,56539,64956,53594,45311,60011,68092
"g011",16774,19121,18637,16676,18232,17101,14384,15015,18557,18042,18020,16760,20929,16925,17018,18553,17384,16572,16822,16855,19983,19185,15187,16051,19127,16973,21432,17041,21336,16053
"g012",23730,31341,25874,26272,26913,25468,29766,25311,22993,23892,23326,25293,28282,24443,22950,28386,25078,24501,26270,26910,25293,28316,31268,28538,26472,26295,30268,23513,25641,25257
"g013",17804,16177,18818,16656,19591,19220,16047,16553,21599,16269,20800,16454,18221,21785,20648,24700,25177,23166,24022,22621,32404,27725,32896,29672,32648,30991,34950,37647,35068,38663
"g014",550,548,654,600,608,632,636,717,545,598,805,646,731,688,535,680,704,571,678,675,714,590,688,625,675,682,682,716,716,736
"g015",11917,11957,10069,10885,11853,11983,12221,11415,11402,11751,11618,11696,10638,14538,13491,10393,10540,10803,10440,12848,11273,12589,11402,9791,10751,11870,10800,12221,11088,12141
"g016",14983,15394,14796,14319,16167,17106,14751,15996,16515,14378,14778,15182,14222,15007,14731,17027,13456,17089,17382,13868,12712,15241,18739,15657,16446,12641,16457,14615,14748,14699
"g017",18784,17632,19425,16575,15855,20355,17814,15677,20813,20269,17240,18066,18106,20648,20022,16820,19427,18448,19225,19666,17856,14675,17569,20526,18229,17649,19206,16493,17159,17177
"g018",22598,20381,20086,19734,21868,20986,21583,22994,22188,22047,26905,21829,28963,24277,21287,24186,25554,26160,24128,20028,21326,21655,20167,25711,22413,22230,22887,21185,26322,20082
"g019",0,0,0,0,0,0,0,0,0,0,0,0,0,0,0,0,0,0,0,0,0,0,0,0,0,0,0,0,0,0
"g020",100349,86189,86473,87972,88149,86206,69279,96310,71093,111150,101615,87793,78800,93837,94711,89548,81952,95018,81395,81934,88722,87818,97189,88784,93581,80939,78301,93174,86155,85320
"g021",13132,13101,12903,14030,11126,12883,14945,15162,12547,10810,11717,10961,11391,13883,11719,10766,14332,13809,11059,13413,11545,11526,15191,11205,13707,11116,13858,13239,12030,13512
"g022",4229,3696,4227,3991,4346,4009,4425,3866,4540,3644,3770,4038,4395,4471,4149,4279,4628,4221,4259,4292,4364,4522,4764,4663,4202,4160,4029,4349,3993,4286
"g023",19435,18059,17188,19517,19136,17769,15423,18196,16401,17923,15554,17203,18610,17306,16795,16220,17620,19779,18501,15074,18947,15701,17524,19588,15619,16339,15882,18670,17982,16023
"g024",56867,69651,42175,50208,45442,63655,60556,51879,50218,50184,45189,50635,39465,52285,38561,60014,58547,50303,48707,50029,49523,48714,48140,52625,55004,57436,72188,60135,50718,63058
"g025",615,561,516,544,577,547,652,514,630,544,537,537,519,528,617,714,640,624,587,620,526,600,622,595,531,679,570,554,604,669
"g026",73566,70809,68244,64122,74789,69508,63412,66009,80327,80945,88018,85769,73425,77244,68850,72029,68500,55324,86603,62673,85768,88238,77488,68569,74455,64700,79873,80284,83021,75259
"g027",33933,29830,33819,36021,37323,39918,39198,44756,35217,36067,38627,31541,40738,38713,39754,30935,36272,38552,38385,39227,34045,33229,41702,38136,34325,38031,36946,37710,31977,35924
"g028",5034,4289,3962,4389,4399,4323,4911,4749,4504,4772,4326,4059,4584,4332,4850,4710,4037,4400,4375,4545,4735,4204,5016,4872,3849,3804,4819,4165,4344,4071
"g029",3914,4318,3969,4417,3819,4177,3803,3968,3947,4236,4826,3577,4482,4322,4092,4224,3970,4250,4022,4147,3888,4422,4462,3593,4441,3624,4293,4469,4425,4158
"g030",4697,3939,4086,4721,4009,4079,4572,3871,4056,4399,4327,3622,4027,4287,4410,4047,4132,4144,4201,3607,3940,4156,4051,4688,4478,3737,3782,3890,4473,3919
"g031",2884,2629,2702,2943,2940,2784,2724,2957,2770,2936,2891,2757,2670,3084,2695,2816,2855,2591,3044,2887,3058,2549,3082,2979,2387,2568,2647,2651,2775,2860
"g032",53,37,39,57,67,36,41,55,38,40,28,42,35,41,39,43,37,56,71,40,56,46,48,39,46,34,51,45,60,42
"g033",836,1002,804,910,962,960,973,1019,916,970,887,919,900,917,895,999,913,838,1052,1029,981,961,946,895,1087,1011,974,1075,926,922
"g034",39726,34508,34361,32687,37508,36475,33753,30209,29557,36377,35081,33327,35761,38413,41413,37830,37399,32490,37681,42795,32261,36400,41696,40208,41032,32390,35162,37983,31144,36776
"g035",5729,6072,6702,5859,6031,6179,6547,6535,7279,6844,6121,6219,6333,6980,5935,7295,5522,6387,6618,6526,6137,6204,5999,6842,6288,5370,6631,7079,6502,7125
"g036",56127,49934,50924,54152,56337,57371,48221,53805,49416,47596,58772,63181,54093,50904,51313,55352,48848,54249,54904,47593,46981,63715,47652,52029,45601,55668,52115,49967,53336,47712
"g037",3825,3943,3412,3533,3765,3490,3718,3636,3345,4069,3885,3550,3918,3501,3230,4218,3682,3757,3533,3982,3774,3405,3991,4127,3379,3608,3519,3707,3685,3680
"g038",11382,9972,14288,13949,13153,12616,12416,12877,13931,13645,14514,14365,12839,12956,13675,12438,13759,13961,14189,11075,12372,12729,12988,14688,11920,11551,12010,11513,12568,13592
"g039",5673,6198,5609,6263,6281,5894,6338,6348,5531,6240,7230,5857,5919,5781,6262,6163,6384,6285,6352,6286,6437,5505,5843,6347,5751,6251,6672,6157,5969,6610
"g040",26740,36318,28312,27876,26748,24578,25537,27708,28236,29887,25202,28189,18824,26420,27338,29868,29606,33506,29724,28377,25474,25851,27417,29404,25077,24865,26907,23924,23204,29077
"g041",9228,9106,9668,9893,9633,10325,8947,8683,8698,10141,8337,8827,10000,7583,8704,8912,9351,8750,8788,8856,9377,8081,8026,8922,9030,9400,8704,8752,9492,9045
"g042",9713,9068,8938,9544,8834,11033,12657,8908,9978,9969,9579,9751,8940,8620,10451,9592,9411,9146,10432,9652,8542,11244,9598,8879,9268,9520,9506,9442,9651,8375
"g043",6413,7875,7070,6903,7141,6835,7633,7275,6038,6702,7226,6166,7566,6442,6887,6929,7206,6726,6866,7324,6863,6970,6752,7258,7137,6542,6401,6237,7473,7433
"g044",20676,23239,21778,19424,20329,19668,18259,23651,21580,19442,20051,17551,21410,22071,20649,22214,23100,22402,22832,19924,25610,20750,24369,19337,21704,24348,23547,21371,18800,22340
"g045",0,0,0,0,0,0,0,0,0,0,0,0,0,0,0,0,0,0,0,0,0,0,0,0,0,0,0,0,0,0
"g046",111,69,72,62,99,90,98,95,111,119,92,102,72,79,100,89,94,99,88,102,87,76,113,92,91,92,119,76,101,77
"g047",0,0,0,0,0,0,0,0,0,0,0,0,0,0,0,0,0,0,0,0,0,0,0,0,0,0,0,0,0,0
"g048",1933,2025,2043,2217,2033,1977,2047,1945,1840,1905,1968,2187,1900,2024,1892,1844,1767,1973,2303,2016,2111,1871,1798,2168,1915,1879,2181,2045,2022,2070
"g049",19424,20900,17533,17727,17623,19746,18208,17085,21048,15025,20008,15876,19414,20605,18326,19748,19529,20518,22266,15514,19946,22903,18929,21569,17168,14727,15244,19824,17173,21339
"g050",5013,5370,5766,4985,5918,5191,5227,5437,4780,5112,4954,5134,5298,5138,4785,5221,5199,4711,5313,5043,5660,5633,4283,5440,5250,5785,5350,5564,4560,4361
"g051",37115,43514,32198,30044,34916,32733,32272,31915,33133,34157,32569,32144,32204,28129,31221,37979,32571,35697,29605,31498,24788,37199,32044,33207,31124,34547,26939,39520,33388,37683
"g052",14269,18196,12993,12910,14806,14306,14235,15405,17777,17734,15858,18105,18128,15190,15226,15376,16741,15772,15942,17081,15072,17998,16909,15558,18378,14098,16142,14972,18478,16615
"g053",2526,2560,2897,2760,2935,2625,2705,2421,2706,2801,2965,2891,2470,2730,2627,2361,2521,2773,2757,2734,2998,2472,2683,2608,2704,2657,2689,2890,2862,2684
"g054",1593,1428,1391,1751,1444,1636,1365,1669,1543,1511,1586,1506,1631,1554,1418,1631,1420,1558,1391,1696,1410,1400,1439,1497,1510,1404,1556,1521,1459,1304
"g055",568,642,598,623,555,707,697,771,740,556,737,738,840,725,876,897,997,955,976,941,1047,1095,1312,1100,849,1099,1200,1150,1129,1139
"g056",86026,75289,78026,98177,89281,94734,83460,91308,77975,122842,79605,98284,90162,81374,90833,91353,104719,92684,91370,96193,91360,95517,100998,80923,95095,74305,84762,86715,80905,76421
"g057",4548,5097,4935,5274,4601,5736,4919,5279,4946,5201,4880,4969,4644,5180,4699,5179,4348,4773,4763,5266,5504,4904,5211,5200,4203,5509,5226,5314,4825,5205
"g058",8404,10310,9442,8568,8585,8424,10031,9976,10336,8834,9925,9608,8359,9424,9782,9483,9324,8733,9661,9931,8753,10549,10575,9349,9286,7754,9536,8858,9046,8665
"g059",181293,184979,217976,194124,222070,192207,189614,180751,170882,192923,189351,205116,183033,153735,168400,192124,144977,214103,213909,177293,204020,204280,177352,173024,197322,244035,206541,146259,178541,221872
"g060",3661,3428,3639,3794,3782,3397,4034,3129,3342,3175,3524,3380,3397,3124,3548,3348,3366,2937,3585,3622,3543,3400,3500,3901,3319,3106,3125,3306,3227,3172
"g061",1178,1151,1317,1241,1077,1179,1237,1253,1179,1120,1117,1273,1080,1319,1251,1366,1236,1142,1310,1201,1221,1260,1068,1283,1272,1190,1185,1261,1168,1092
"g062",862,916,841,984,874,874,797,985,884,817,904,836,757,786,762,941,948,777,937,846,783,886,820,753,836,930,780,863,829,751
"g063",5532,6973,6373,5525,6421,9123,9225,9464,8344,9735,12869,12301,10992,11810,12646,13927,11937,10932,12076,14247,11087,11155,12446,10319,9466,9355,8964,8587,7844,8038
"g064",2836,2854,3197,2949,2938,3191,2600,2745,2664,2991,2706,2822,2641,2931,2705,2753,2929,2928,2445,2646,2669,2756,2626,2913,3118,2841,2987,2633,3003,2999
"g065",49,37,41,52,47,40,50,41,50,58,39,39,34,77,47,39,45,30,51,34,39,59,41,35,56,45,45,31,47,31
"g066",33454,30412,30540,31760,29013,33808,38128,32545,28841,34991,25500,26820,33274,30094,34534,27379,29730,30220,28704,29490,33453,28398,31714,26895,33452,32264,30888,36209,30284,20083
"g067",19598,23154,19927,18424,15468,17029,19979,21553,21623,18428,22898,15992,19802,18464,24135,22572,23119,19752,23107,22675,21981,21683,20005,21936,22142,20069,18645,20972,22492,20219
"g068",989,1201,991,1153,853,1151,956,1065,1168,1068,910,953,1000,1161,1127,1068,1149,1078,866,1149,1075,1080,956,952,1067,1021,1098,1182,1117,1110
"g069",56901,70732,59941,59918,68249,66468,81621,65570,73184,74183,94474,66099,70403,81332,86925,92103,96961,83587,87940,103475,85717,104640,119899,108335,124802,115569,123953,131591,139490,127231
"g070",79410,67074,74339,72802,73195,92853,76579,82981,90248,62804,53439,53722,88557,70862,61625,68107,87408,61279,68607,67074,71620,67756,72148,65711,75490,53407,89734,71368,76019,57441
"g071",2575,2624,2815,2753,2410,2914,2694,2655,2486,2726,3037,2728,2754,2522,2422,2580,2836,2755,2779,2595,2720,2766,2653,2490,3081,3012,2818,2472,2560,2907
"g072",11545,13493,14079,14140,14277,14958,12516,13617,12020,17083,12296,14093,13839,14984,15182,12129,13412,12400,13615,16040,13085,13928,14864,14050,11711,15320,13550,12067,11656,13390
"g073",707,702,721,760,717,713,735,797,658,658,610,699,635,736,673,780,715,721,668,817,604,670,731,616,765,725,662,801,650,788
"g074",38155,35155,39880,42421,49464,44716,37223,36529,45032,34031,33987,39419,43388,45972,36889,35965,37747,41398,35315,43455,37801,37879,38519,40833,32316,36728,41325,43697,38835,39528
"g075",1221,1175,1067,1102,1226,993,1201,1224,1189,1059,1259,1003,1091,1203,1133,1218,1212,1215,1069,1087,1156,1212,1034,1084,1186,1121,1192,1210,1239,1117
"g076",8325,7656,7783,7945,7378,7317,6349,7757,7056,6530,6818,6745,7938,7591,7752,7626,7893,7487,7635,7665,7654,7551,7576,7993,6190,7082,7008,7192,7630,8241
"g077",49726,46530,50747,45057,47663,48304,39019,57923,47545,44739,36919,41091,53525,46654,37445,46980,43624,49021,40090,41387,51192,49824,40725,41996,42790,42617,40727,47608,48501,44717
"g078",13614,12623,12651,12962,12485,13289,12514,13740,12408,14359,11518,12098,13229,10805,13621,13204,13762,10959,12813,12455,12769,16279,12704,10862,14840,12231,12669,13347,12142,12226
"g079",3263,3326,3104,3702,3266,3528,3178,3416,3585,3545,3332,3328,3407,3063,3043,3376,3246,3184,3327,3309,3378,3706,3664,2921,3486,3254,3258,3172,3368,3120
"g080",2128,1810,1560,1707,1564,1626,1724,1622,1782,1710,1553,1687,1758,1825,1658,1894,1680,1717,1672,1953,1668,1868,1794,1804,1846,1819,1608,1813,1705,1696
"g081",26124,22803,23670,30029,30207,29334,32862,31170,27529,25331,31599,28294,24348,33286,22986,27846,27026,25621,27597,28411,28908,31151,31400,27158,32486,29485,30816,32010,24491,24962
"g082",6989,7508,6900,7962,6683,6186,6429,7298,7421,7355,7354,6297,6400,6245,6479,6695,6496,6623,6479,7328,6907,6708,6115,5989,6984,6408,7194,6671,5716,7097
"g083",21870,21222,19508,18890,16141,18852,20911,19754,15373,21424,21397,19503,18261,17415,16648,20730,20571,17029,17995,21136,21080,19454,21269,16997,20135,19788,18793,19445,22266,20330
"g084",7805,6724,6105,7408,6852,6192,6687,5759,6664,6177,6747,7762,7338,6850,7273,7299,7126,7136,6650,6588,8257,6542,7248,8027,6890,6960,6483,6756,6297,6318
"g085",350,233,297,342,312,306,271,318,299,331,261,249,380,322,293,403,370,318,357,305,329,400,242,291,352,297,246,268,309,333
"g086",51,50,40,48,41,44,59,34,25,41,68,59,54,42,40,43,52,45,47,42,39,70,39,41,68,18,53,42,38,52
"g087",3582,3934,3265,3363,3599,3550,3502,3672,3372,3810,3171,3402,3529,3598,3673,3566,4154,3963,3741,3793,3761,3562,3789,3418,3784,3466,3203,3897,3739,4020
"g088",76178,87075,82167,73234,69222,78394,79628,94492,82206,99508,60099,69070,73017,77641,78571,78281,86155,75406,85985,78433,83415,90783,72941,88216,86851,91503,71096,63682,81313,68514
"g089",161,163,239,165,192,196,200,191,176,188,137,159,185,132,190,165,258,213,191,207,185,166,185,201,96,212,196,184,159,179
"g090",38,20,27,33,29,31,23,34,40,36,55,40,24,39,46,55,54,60,55,32,55,63,49,49,42,71,71,54,49,66
"g091",21700,25336,21872,22498,28536,19539,23765,22488,25782,23994,27920,23745,27047,23589,24948,25942,23366,26738,22962,26045,20114,20652,22373,22247,21301,26981,26160,19821,22475,24411
"g092",16178,18735,20162,23488,14168,15019,15482,17294,19567,16257,19725,19480,17168,15946,18895,19688,20375,21692,18496,20161,16929,16029,14097,17124,17942,16907,22541,18731,20755,20902
"g093",6260,5760,6351,7505,5482,6881,6782,7089,6027,6310,7083,6902,6473,6279,6964,6702,6457,6365,6595,6296,6512,6367,6191,5932,6815,6011,7472,7115,6721,6201
"g094",2542,2721,2534,2506,2413,2431,2546,3010,2607,2630,2534,2498,2580,2727,2739,2524,2445,2640,2560,2545,2707,2535,2600,2384,2697,2684,2493,2378,2476,2899
"g095",2831,2436,2520,2395,2345,2399,2555,2348,2397,2595,2648,2527,2507,2398,2686,2545,2436,2610,2516,2570,2604,2550,2613,2822,2553,2498,2216,2386,2331,2416
"g096",68744,69119,73730,60604,58174,58191,92240,69660,71034,77665,67681,72368,64181,73223,65875,56365,65505,70613,70504,69047,65057,61026,65241,82376,83332,90739,61129,70553,57700,75457
"g097",282,297,339,330,392,440,330,382,360,407,329,377,401,413,331,351,436,456,425,323,278,403,339,284,343,388,396,344,354,446
"g098",63185,67801,64153,38889,68277,67034,49954,54536,68295,60993,51372,56824,54062,52072,46138,50839,47500,63203,50671,70945,53737,58991,53607,44566,54192,57076,57886,57509,53607,61763
"g099",0,0,0,0,0,0,0,0,0,0,0,0,0,0,0,0,0,0,0,0,0,0,0,0,0,0,0,0,0,0
"g100",2901,2988,2954,2973,2832,3152,3047,3260,2968,3091,3095,2735,2997,3037,3097,2997,3098,3262,3048,2809,3273,3205,3011,2738,3048,3165,2812,3357,3220,3125
"g1000",20211,20515,19658,17636,17746,21457,19866,20579,22806,20587,22697,15322,18332,19565,19673,22276,19825,21132,19990,16511,18736,19776,23812,19023,22356,20081,20247,22932,25121,18987
"g101",454,518,603,517,587,554,437,592,524,560,588,430,605,582,485,446,483,513,516,527,541,564,486,564,481,570,489,521,487,434
"g102",5997,5197,5541,5384,5516,5270,4756,5434,6419,5095,5535,5876,5551,6175,4994,4988,5343,5514,5286,5672,5264,5025,5579,5612,5033,5106,5842,5290,5678,5180
"g103",0,0,0,0,0,0,0,0,0,0,0,0,0,0,0,0,0,0,0,0,0,0,0,0,0,0,0,0,0,0
"g104",11772,9100,12252,10734,10357,11962,11790,10985,11378,11148,10004,10364,12100,10479,11963,9719,10295,12548,10310,10514,11124,10139,11924,10638,11207,10388,9945,10896,10874,10259
"g105",8403,10304,10146,9418,9270,9163,10280,10467,8259,9564,8398,9184,8121,8959,8625,9106,10775,8829,7964,9497,10416,8671,8799,8793,8569,8612,9030,9651,10270,9006
"g106",32053,28271,33636,30198,25160,22872,20602,26182,18963,22233,15682,18208,14860,18303,17729,16628,12564,13679,15244,19003,13985,16167,15223,19856,15795,18503,17376,16556,17462,15836
"g107",33601,22854,26619,36328,27691,34328,30106,31477,25796,26974,25357,26026,29305,26488,21970,26049,30645,28599,29357,23789,34617,32832,25574,30506,34037,24712,26127,31509,31157,31499
"g108",3124,3436,3383,3546,3486,3104,2932,3078,3442,3360,3002,2860,2985,3136,3294,3426,3185,2923,3260,3008,3029,2901,3176,3376,3099,3411,2957,3249,3133,2894
"g109",32876,30726,43701,38245,37854,32367,36376,35655,33581,40488,32379,41552,30756,30285,26972,34937,37196,32956,34004,36968,33366,24318,34430,31798,35750,33840,29617,32500,37030,33542
"g110",0,0,0,0,0,0,0,0,0,0,0,0,0,0,0,0,0,0,0,0,0,0,0,0,0,0,0,0,0,0
"g111",45349,47208,45227,37575,45900,55079,33549,43274,42333,44070,37582,40328,45913,44177,38189,47724,38759,54320,48397,49489,40260,39355,47932,48687,48045,48197,46683,42947,49294,51732
"g112",66,133,74,75,75,59,87,102,61,103,68,81,104,87,90,93,85,80,107,105,77,94,106,96,64,94,57,64,103,89
"g113",75160,73108,70091,71223,60115,64268,70197,71900,62942,66036,81895,70975,80941,67361,79299,66265,71735,74436,78161,70364,54790,65435,72263,78922,63067,83651,61478,76694,64835,62958
"g114",14933,17695,15527,16281,14228,15806,14731,15683,17005,14036,14040,15256,15933,15401,13198,15071,15089,16400,16815,11993,17609,13740,13655,13638,11479,14196,13090,12849,14826,15169
"g115",18686,19629,18360,16978,21481,17753,16885,15056,14963,14723,13871,17083,17350,17487,15789,17404,15680,16766,17026,15642,17096,16525,17159,17660,14682,17301,17009,20185,18061,18083
"g116",25384,21629,26327,32489,21362,30845,24933,32847,24474,24590,30619,23003,29876,23027,26494,26286,29077,28703,27152,25246,28912,29613,24398,24845,32191,27134,27214,29583,26199,23088
"g117",208,249,251,229,237,270,218,218,212,213,221,202,287,204,237,214,317,240,226,131,191,213,217,189,256,187,215,218,269,227
"g118",89321,90924,101208,95024,96347,101858,99423,93984,95194,89438,82685,92999,92384,116900,96084,84915,113596,103683,109940,89775,79056,111994,92710,98532,98940,96109,89926,93619,142205,89324
"g119",497,466,517,409,455,411,407,464,412,426,488,537,494,539,542,509,433,428,378,467,464,528,380,519,435,395,486,447,484,481
"g120",114118,107067,99327,95602,128039,126489,112319,111849,116119,128312,75673,144672,118487,144705,102395,99966,140577,124177,96785,143724,129637,119990,98335,118279,98538,95964,114248,138476,105302,126339
"g121",131289,180315,194658,192441,157335,145916,140908,161044,200188,175878,145010,150441,187743,165723,187443,169287,169841,164907,140498,183632,195696,175948,161310,153092,183705,175473,158351,173325,160943,160608
"g122",0,0,0,0,0,0,0,0,0,0,0,0,0,0,0,0,0,0,0,0,0,0,0,0,0,0,0,0,0,0
"g123",16373,15831,15981,16280,17586,15354,18288,18497,16703,19315,17121,18999,16416,19142,13562,17675,18380,17911,18228,16555,15184,15864,16929,14231,16793,15352,18410,15912,15636,19107
"g124",3719,3942,4216,4148,4455,4544,4398,4543,4861,4035,4343,3869,4276,4039,3818,4263,4793,4224,3761,3913,3942,4116,3892,3657,4221,4512,4211,4141,4129,4801
"g125",73779,67278,83986,75827,67526,63671,80887,70417,86198,71944,70159,81876,75644,58564,70948,78957,59586,68412,64288,71018,57534,64340,64459,81030,64613,63642,69883,71928,92788,72961
"g126",3725,3745,4662,4045,3534,4328,4687,4637,5206,4518,6286,5182,5831,5634,5580,6284,5767,6604,6530,6730,6489,8173,7859,7655,6977,9878,8301,8822,8366,8509
"g127",28976,29276,31060,25151,37295,26181,32064,26629,29176,33898,23055,32277,31455,25699,29978,25759,30598,24121,25692,26699,25367,27453,27006,29853,33592,35523,24461,26093,27507,26485
"g128",37405,37694,34722,37766,38329,44607,46485,42926,47268,34171,54364,57339,53908,46215,51872,57704,54112,70821,52567,66189,51503,60291,83732,81559,77505,81807,82676,65611,66504,76731
"g129",213,279,238,286,257,410,423,414,402,408,537,444,493,436,592,549,546,564,583,563,580,510,463,585,577,533,465,466,502,456
"g130",41952,42665,42518,49574,47068,35501,36083,40411,44141,48667,40133,42876,42711,43823,44258,49877,39401,48562,38543,50974,37324,47770,40832,37352,36909,41423,47882,41321,49736,36377
"g131",58255,53008,46228,53230,53563,53660,62750,52164,65495,44204,63871,47246,60662,56067,50291,56936,51068,51364,69890,64057,62416,49179,58182,57447,61722,51716,57897,57228,51363,51029
"g132",12802,11370,13632,11153,12628,10252,11446,10968,13377,14054,12575,12298,10996,10462,12991,10050,11149,11387,12362,12264,12212,11859,11639,10548,10986,11197,11283,13177,12295,12497
"g133",555,570,485,620,672,550,533,521,454,546,539,686,628,552,559,544,498,662,567,542,539,612,560,548,560,669,642,565,573,497
"g134",1744,1755,1623,1498,1752,1640,1604,1756,1681,1817,1688,1502,1755,1653,1532,1778,1706,1657,1840,1593,1578,1712,1738,1716,1805,1535,1759,1844,1854,1748
"g135",156771,99439,110366,96640,106923,91207,97382,115270,104849,87359,114548,83525,111030,109909,99503,115672,88480,107183,125309,92858,100785,107165,88292,111613,116145,106281,104395,95321,121728,100003
"g136",462,385,297,367,232,674,683,671,611,707,656,557,631,670,690,449,420,390,488,414,353,392,340,483,340,618,774,657,596,705
"g137",12303,15222,12705,12283,14718,13188,15346,18268,14821,13198,12918,13055,15249,14661,17121,12292,13908,15656,13971,13330,15398,14682,15161,14170,12698,13133,13634,15186,14464,14431
"g138",6451,6419,6746,6368,6156,7677,6518,8119,6919,6463,6603,6817,6092,6441,6377,7134,6527,6709,6880,6585,7068,6168,5944,6604,6696,6371,7425,5972,7674,7355
"g139",381,422,404,394,394,374,416,354,324,355,348,399,297,406,364,344,362,378,382,379,370,444,412,362,390,324,363,397,407,394
"g140",8434,8592,8801,7387,8617,7390,7814,8867,10075,8374,8730,9485,8244,8774,8405,8348,7789,9135,8690,8182,8141,8779,8285,9880,8777,8377,9666,8039,8141,9181
"g141",31305,35792,29237,32212,31174,29874,33807,33388,25864,25050,32126,23180,28561,33607,27746,33851,35979,31858,29768,35314,28244,36674,31103,37048,28597,30603,37350,31718,37502,36096
"g142",8370,8730,7932,9139,9258,9362,8627,7605,9597,8118,9647,8395,8899,7889,8339,9006,8657,8506,7426,9127,8127,7794,7904,9494,8358,8277,9019,8794,8051,8104
"g143",977,878,912,1029,872,966,1080,1080,970,1161,1105,969,861,1016,997,963,1188,895,1010,990,1024,1000,926,981,1014,942,944,1018,1078,996
"g144",3642,4286,4024,3806,4134,3533,3438,3209,3164,3678,4338,3645,3837,3686,3654,3649,4040,3507,4043,3857,3643,4067,3939,3585,3915,4111,3364,4323,3703,3839
"g145",23735,29781,23970,20616,26991,26927,23361,27814,23547,25937,18600,25093,26110,25229,22789,24099,25006,21504,25848,21940,25566,23768,29086,23118,21472,22779,25262,24821,26241,25505
"g146",152,186,186,173,154,160,127,166,213,135,205,113,214,125,204,166,136,154,133,100,130,93,64,145,70,90,77,70,97,104
"g147",379,350,335,391,371,370,431,343,452,316,350,414,434,384,371,308,397,307,337,405,338,279,387,403,433,394,370,355,321,419
"g148",52256,44697,43901,43851,36686,49386,49712,45756,40558,39650,38517,46988,40461,39730,48867,48300,44784,57050,52366,42484,44053,50390,46733,44937,43340,49498,40924,49649,54275,47079
"g149",45431,57782,45923,49865,50127,54723,51849,63348,49724,61158,46529,68005,47914,44375,54348,63586,51355,56211,46390,62567,55344,48417,51974,45954,52272,54610,54210,47444,42024,49059
"g150",0,0,0,0,0,0,0,0,0,0,0,0,0,0,0,0,0,0,0,0,0,0,0,0,0,0,0,0,0,0
"g151",62388,54571,59605,50158,57070,62795,55863,56641,58339,62743,55666,49580,57320,72220,68039,55916,59226,60397,74563,66736,55752,66203,47813,60520,62212,49535,50595,65346,66554,68415
"g152",0,0,0,0,0,0,0,0,0,0,0,0,0,0,0,0,0,0,0,0,0,0,0,0,0,0,0,0,0,0
"g153",34339,31486,38826,34510,45225,39772,31431,28433,38499,40150,33168,31524,41043,43223,40695,33260,47306,37592,31564,30645,36890,36588,40415,32108,34191,32239,37302,36091,35935,35454
"g154",10719,9888,8093,8604,10058,10463,9613,9633,9677,9804,9692,9827,8553,10876,10841,8749,10399,9613,9887,10475,10497,10845,9730,10341,10010,10812,9915,8132,10287,9199
"g155",35388,35601,40243,38822,43783,44349,35223,30021,39300,36662,34490,35200,42208,42412,33595,40572,33955,33582,32674,40202,35552,34344,34603,34777,33262,37770,34868,33749,34557,47773
"g156",115603,114145,96659,126800,120408,105730,121351,138558,107633,117496,116263,103000,117229,120319,103052,118916,111354,103420,113164,96716,122086,116924,107463,120438,123443,103732,121921,121346,110176,121191
"g157",22285,21941,22329,20290,18590,20089,21162,19973,20196,23229,19518,22416,21454,20334,19584,18286,21149,23034,18187,21516,23236,20575,24121,23389,23810,18715,19802,21150,19436,24427
"g158",16970,14612,12779,15574,18519,17420,14301,15105,15869,17346,15321,16911,15255,15950,17696,15492,18056,15150,18723,16721,16985,14200,18483,15064,17965,15553,17669,16617,16341,15588
"g159",872,910,879,1058,864,970,1060,930,813,945,916,956,884,881,946,914,916,963,777,1077,1026,865,1055,963,961,1009,840,798,1034,785
"g160",0,0,0,0,0,0,0,0,0,0,0,0,0,0,0,0,0,0,0,0,0,0,0,0,0,0,0,0,0,0
"g161",63314,58786,63739,63583,58629,64807,65592,70504,71088,61180,60458,62459,70544,64493,61919,70965,51502,59167,56409,57160,78582,64734,58453,70653,57015,58006,66350,62986,74900,68473
"g162",10324,10129,11122,9686,9961,9609,10782,9207,10095,9969,10182,9431,10384,9447,9046,8787,9576,9640,8995,9368,10785,9968,10513,10268,9930,10408,10495,9604,9692,11047
"g163",3193,3171,2898,3086,3316,3233,3226,3147,3342,3111,3317,3059,3384,3214,3193,3508,2980,3210,2839,3109,3259,2943,3488,3149,2939,3250,3237,3391,3182,2844
"g164",1967,1930,2006,1895,1786,1950,2096,1994,2094,1951,2113,2112,2070,1931,2064,1797,1902,1996,1951,1884,1815,2209,2132,1994,1977,1870,1744,1865,1953,1871
"g165",53734,56508,65326,65279,42911,51075,51287,57440,57978,64044,59859,55276,58411,43483,56939,58360,56914,50075,44683,49663,50956,59445,53534,46570,58749,56349,52371,50646,60592,57839
"g166",555,420,491,459,476,562,511,423,472,444,467,419,467,481,408,444,488,469,473,509,493,539,482,352,524,588,360,482,528,445
"g167",5108,6794,5413,5788,5640,5803,5482,5660,5708,5971,5136,5385,5245,5261,6503,5910,5401,6404,4999,5032,5473,5342,5021,6075,5546,5471,5673,5285,5589,5661
"g168",35569,42283,37867,44710,34535,41670,40329,37695,40604,37739,33935,35422,43683,45992,42926,44456,42733,42970,45742,41922,38126,32872,37989,39552,39837,47808,35902,40342,38707,35337
"g169",4513,4373,4367,4621,4594,4095,4285,5126,4386,5178,5168,4577,4700,4749,4584,4191,4392,4526,4335,4384,4582,4906,4980,4939,4556,4779,4756,4708,4160,4771
"g170",50683,55144,57585,67151,49327,68435,64135,66492,50721,47496,67584,60292,66458,61707,55153,54850,59070,59819,65069,61440,61252,65117,58550,59110,63627,73525,64356,50534,65016,67255
"g171",4682,5488,4617,4738,5062,8011,7762,7576,7379,6997,9950,8289,9374,8600,9874,11242,10621,9341,11187,9488,9419,9136,8455,8386,8919,7768,8032,7565,7718,7701
"g172",84357,69881,74914,76466,95061,71526,86939,85953,96449,68947,78580,75643,86659,66699,78592,77147,75607,77926,73381,91202,70516,80980,75828,74238,73044,77063,73972,55122,86538,98965
"g173",804,843,862,862,835,796,884,928,974,959,783,816,867,835,931,750,729,804,860,953,794,870,791,753,938,908,796,731,900,948
"g174",284,219,186,273,213,292,214,217,209,236,195,236,223,260,244,210,250,188,230,193,214,278,195,250,185,223,257,196,191,266
"g175",1747,1676,1484,1580,1657,1508,1636,1663,1545,1718,1581,1535,1505,1524,1784,1466,1716,1549,1464,1600,1637,1552,1512,1733,1569,1402,1467,1725,1594,1639
"g176",1203,1107,1083,955,1098,1031,1002,1061,1010,924,1182,1022,1204,995,1019,1156,1002,927,986,1086,1168,1047,1023,1031,1003,1072,1099,1181,983,1047
"g177",4662,4517,4722,4361,4598,4614,4399,4733,5126,4654,4362,4403,4613,4548,5125,4959,4340,4628,4623,4937,4903,4008,4759,4488,3910,4386,4313,4972,3964,4648
"g178",2417,2404,2329,2543,2515,2403,2450,2042,2223,2290,2507,2041,2288,2405,2290,2514,2519,2602,2361,2179,2160,2679,2488,2483,2358,2427,2246,2250,2241,2646
"g179",44903,38846,50878,46620,44307,43169,50905,41055,38094,41432,48625,44346,44276,47662,47019,45325,48132,49202,40232,52316,53325,50583,44339,49436,46481,45459,40202,48113,50912,41985
"g180",57156,61151,53338,51304,55182,52413,46447,61234,50762,50351,63697,43815,61325,59251,64232,64508,57553,55564,44235,58631,52667,55627,50207,70466,60236,56344,50675,66977,71778,47847
"g181",4983,4265,4727,4489,4046,3031,2786,2980,2738,3002,2516,2532,2280,2462,2625,2074,2083,1981,2139,2302,2112,2250,2383,2173,2582,2694,2777,2350,2326,2623
"g182",1601,1454,1573,1393,1378,1606,1502,1506,1438,1528,1396,1571,1567,1448,1374,1514,1494,1242,1623,1247,1477,1597,1587,1340,1494,1456,1427,1426,1393,1343
"g183",168,193,172,135,192,238,205,173,187,184,212,176,257,201,178,217,174,147,221,277,141,193,156,196,195,200,234,143,170,170
"g184",134,96,85,89,108,94,69,90,93,67,114,102,102,80,72,95,95,103,82,123,77,80,111,87,120,101,79,97,114,76
"g185",9595,9109,9384,11510,9706,9884,10839,10865,9094,9020,9655,9446,8889,10786,9641,10363,10703,9212,8373,10898,8858,9608,9483,11633,8741,10576,8718,10680,9395,9569
"g186",18739,19685,20650,18846,19387,17451,18379,16140,15806,17381,18029,18801,13605,16849,13024,17381,15335,16658,17432,15807,22752,20912,26729,22059,24237,43308,39384,41069,42832,38970
"g187",17739,20875,19310,16133,17918,15616,19305,19486,18858,17896,17601,17301,16599,17955,18615,14492,12568,14674,13563,12995,10422,10630,12189,9936,10659,7006,7199,6327,7039,9320
"g188",2538,2334,2529,2374,2542,2536,2146,2304,2465,2399,2296,2314,2485,2539,2395,2554,2575,2438,2562,2381,2494,2561,2410,2506,2457,2420,2591,2419,2283,2211
"g189",0,0,0,0,0,0,0,0,0,0,0,0,0,0,0,0,0,0,0,0,0,0,0,0,0,0,0,0,0,0
"g190",0,0,0,0,0,0,0,0,0,0,0,0,0,0,0,0,0,0,0,0,0,0,0,0,0,0,0,0,0,0
"g191",0,0,0,0,0,0,0,0,0,0,0,0,0,0,0,0,0,0,0,0,0,0,0,0,0,0,0,0,0,0
"g192",58762,74896,68781,66087,53024,65148,66670,62369,48561,60630,67520,51766,60383,60566,56367,52149,63437,64525,63310,69156,63332,43993,58007,55612,51482,58253,52965,50424,60516,42437
"g193",6643,7490,8193,7494,7110,7050,7224,8044,6841,6314,7425,7428,7468,7112,7152,7075,7786,7615,6407,7680,6668,6282,8024,7351,6808,7467,7100,7326,7010,7101
"g194",77988,111939,88811,97008,88255,86889,86101,97726,84358,84209,70253,56649,77896,66712,58680,68357,54114,72525,57817,57450,51542,55119,54040,52647,55615,43255,55097,42926,48265,38661
"g195",100224,92059,102944,118250,96297,109433,95811,97466,101680,83903,92468,120175,98374,96548,117521,107948,113641,94200,106597,94601,113029,116445,86297,101039,104340,132693,90610,106584,128269,121517
"g196",1756,1956,1987,1872,1914,1929,1858,2230,2089,1870,2075,1904,1782,2027,1956,1959,1637,2029,1728,1919,1919,1990,1825,1902,1788,1854,1857,1826,1837,2023
"g197",3301,3280,3038,3327,3714,3551,2920,3379,3894,3530,3620,3421,4044,3393,3869,3262,3856,3271,3824,3560,3651,3420,3940,3210,3709,3497,3473,3926,3422,3706
"g198",27416,28110,27335,30513,26322,28143,32447,33307,25156,26974,27977,25883,25578,28799,22889,24765,27298,26801,25954,32129,28515,24268,29274,31825,22788,26838,29334,28359,23817,31068
"g199",5113,5124,4537,4863,4601,5196,4340,4473,5013,5342,4856,4550,4777,5169,4890,5303,5046,4894,5191,4947,5158,4934,4979,5105,4391,4964,5313,5018,4698,4957
"g200",7891,7518,7798,7944,8436,8823,7650,7480,7599,8972,7823,7231,7250,7804,7359,8779,6560,9225,8696,7196,8226,8892,7373,7072,7794,7228,8161,8232,6933,9209
"g201",13549,13931,14242,12452,12656,13129,13245,13012,14468,13664,13448,11480,14078,15999,14779,13644,14660,13864,11809,11645,14412,15227,15152,13012,14620,12911,13535,14443,14792,15364
"g202",21694,16570,17285,18614,16133,19705,18808,19959,18500,17674,17530,17483,20286,18540,18487,19350,16629,16260,19159,15970,18899,17580,19291,20466,18074,18447,18881,20398,19661,20272
"g203",5352,6945,7240,7318,7900,6820,7407,7347,7151,6996,7152,7506,7399,6522,6920,6692,6920,6999,7420,6977,7418,7231,6783,6591,7789,6935,7420,8003,8440,6700
"g204",9240,10162,9521,9989,11564,8761,10157,8404,10669,10833,9282,9136,10468,9414,10514,12202,10010,10307,10649,11797,10515,11076,10471,10313,9505,9454,9411,12200,10174,9367
"g205",48972,37218,36712,48146,44275,43001,46095,37332,44545,43004,47518,44272,44675,37894,46948,61273,40426,45606,44505,42872,53404,62379,45526,41955,40625,42667,47865,44863,49914,39251
"g206",48,55,36,42,45,29,48,58,64,38,51,53,37,42,65,43,44,39,32,78,54,41,65,48,54,51,68,46,52,54
"g207",3326,4094,3431,3702,3361,3561,3546,3368,2995,3768,3973,3700,3621,3498,3627,3680,3434,3448,3516,3341,3585,3379,3520,3519,3337,3691,3557,3297,3587,3625
"g208",1054,1064,1092,967,1133,1592,1467,1383,1511,1663,1778,1855,2046,1729,1800,1926,2261,2323,2087,2209,2164,2268,1912,1990,2180,1924,2027,1846,1815,1860
"g209",1365,1217,1041,1434,1175,1240,1196,1275,1359,1360,1139,1371,1380,1169,1343,1284,1162,1306,1222,1448,1358,1345,1336,1191,1247,1307,1255,1354,1323,1355
"g210",78403,70703,54089,51062,54630,104461,100702,111977,93645,87717,110097,124153,92666,121223,123568,100404,95500,94867,104262,94283,94289,99690,103170,94222,89214,104926,113763,129721,124317,99361
"g211",120,149,167,152,133,139,109,157,129,140,125,136,188,133,200,113,135,151,131,113,210,142,126,80,166,105,159,131,134,128
"g212",1632,1696,1509,1528,1386,1466,1510,1429,1652,1593,1819,1765,1652,1549,1450,1507,1688,1696,1486,1616,1853,1765,1550,1730,1579,1572,1781,1783,1676,1484
"g213",3454,3440,3797,3647,3735,3301,3806,3628,3910,3450,4070,3698,3993,3555,3626,3814,3535,3574,4045,3874,3548,3354,4196,3584,4152,3670,3629,3669,3792,3437
"g214",1104,1003,1132,1200,1148,1088,1066,1053,1090,996,1090,968,1118,1141,1263,1302,1176,1108,1033,1193,1081,1140,1245,1150,992,968,1241,1103,1153,1002
"g215",97,105,80,87,78,114,78,83,79,51,100,81,84,92,102,86,100,74,105,86,104,76,96,116,89,97,67,147,67,67
"g216",6426,5519,5852,6230,6685,5829,6079,5816,6963,6193,7123,6136,6124,6193,5653,6808,6636,6070,6009,6709,6830,5968,6436,6885,5531,5825,5998,6366,5944,6814
"g217",10714,10650,11308,11440,10132,9619,11481,10458,13610,11577,10060,10973,9987,12661,11803,10768,11474,12495,11469,9035,10475,10568,11489,12188,9938,10971,11993,12107,9944,10457
"g218",77534,100266,100155,106718,111762,121299,86761,101080,94274,128051,101956,112910,72417,112228,108405,105514,129367,122499,115490,111865,108828,111215,108921,104260,98271,105126,83087,101759,89279,92239
"g219",0,0,0,0,0,0,0,0,0,0,0,0,0,0,0,0,0,0,0,0,0,0,0,0,0,0,0,0,0,0
"g220",20276,21565,16792,16853,15392,18753,15403,15024,18752,19120,19137,17589,21749,16157,18487,18736,18575,19628,15445,17258,19850,18228,14379,17560,18828,15843,18984,18075,20658,16185
"g221",6614,7045,7053,7204,7194,8407,7176,7393,7452,8459,7286,7245,6890,7969,7840,8582,7128,7293,7463,7995,7009,6643,6742,7879,7726,7170,7548,6895,7365,7759
"g222",0,0,0,0,0,0,0,0,0,0,0,0,0,0,0,0,0,0,0,0,0,0,0,0,0,0,0,0,0,0
"g223",55208,55686,45180,61646,54122,52355,53767,55054,48746,51579,51758,39635,54176,57855,68213,50713,46323,42704,64472,49459,50745,47585,49677,59366,48781,59048,51365,53237,43022,50507
"g224",6866,7059,6908,7968,7718,6364,7161,6844,6614,8291,8143,6188,7773,7349,7323,6733,7148,7826,6853,7316,7246,6656,6483,7567,6477,6250,6574,7096,7144,6234
"g225",1297,1411,1317,1326,1446,1444,1523,1400,1372,1351,1189,1227,1359,1324,1367,1334,1275,1467,1291,1416,1506,1407,1359,1456,1209,1435,1436,1561,1481,1446
"g226",83946,85198,106158,102356,82167,81305,87789,88338,96879,62343,107430,89056,99709,99180,81969,83706,82529,103901,82871,76607,96187,90647,107740,80428,62796,88763,90948,82655,78702,76533
"g227",4641,4159,4738,4913,5126,4591,4812,4834,4364,3887,5139,4198,4350,5138,4877,4509,4876,4678,4485,4795,4494,4618,4605,5064,5425,4596,4902,4656,4224,5331
"g228",57327,68049,53653,70142,65881,59067,52342,61223,60946,67871,64481,52670,63333,70946,66422,63725,61759,67770,61395,53692,66073,49333,60787,65481,63760,56854,65498,57649,60613,79531
"g229",11578,13815,15359,14156,14459,14392,14839,12650,15070,13436,14364,15208,15600,16224,15439,14714,13950,14574,13006,11683,12239,12026,12692,13510,13893,11662,12992,12226,13132,14143
"g230",45736,52652,57810,51009,48398,53753,49071,62882,62060,52664,49201,53202,53244,43768,51717,61588,59005,51815,54805,61244,46956,49290,57306,43228,58034,51982,50963,45240,51297,57046
"g231",46349,40697,40811,42803,37440,41937,44576,38678,39211,36204,40542,35905,43475,39690,40187,41684,39424,32554,45528,38000,40687,35759,46547,46853,31250,30340,35428,39444,36886,42105
"g232",5884,6246,5586,6467,6822,6613,7033,6724,5364,6184,6562,6318,6182,6191,6047,7042,6421,6955,6412,6035,5471,5337,6863,7011,6757,6057,6341,6699,5905,6020
"g233",0,0,0,0,0,0,0,0,0,0,0,0,0,0,0,0,0,0,0,0,0,0,0,0,0,0,0,0,0,0
"g234",18356,22524,17288,16664,15749,19907,18194,18503,18625,19943,17221,19719,22875,19843,20567,21824,20471,18935,18741,18401,17831,16303,20119,19737,18607,22041,16898,22387,18281,16828
"g235",8306,6873,7621,7580,7615,7306,8790,8280,8318,8175,8366,7605,6969,7366,7897,8379,9344,8114,8126,8322,8046,8665,8610,8572,8284,8621,8767,7985,8407,7949
"g236",186,297,281,230,199,250,172,205,258,181,222,173,182,185,237,272,207,223,187,223,263,227,272,186,277,209,204,177,213,257
"g237",57,60,54,36,67,80,42,60,39,42,47,38,49,56,58,45,26,50,56,44,63,48,48,45,52,42,58,39,42,65
"g238",9922,9146,9895,9305,9146,10127,7911,8638,9187,9147,9715,8997,8310,8303,8318,9182,8425,7943,9232,9829,8371,8954,8852,8256,9684,10505,9797,8749,7994,9317
"g239",13083,12324,10258,10443,11047,11399,11808,11422,11263,11083,10704,10773,13696,11092,12117,11045,10183,10117,10794,10022,10163,13244,10790,13666,11447,12331,10987,14053,11786,13991
"g240",44307,41369,44545,52699,44590,42253,43152,40376,67602,40450,54921,45629,46341,53396,45590,45252,45420,53612,46634,42141,62676,37103,43031,43108,46716,51322,48474,48276,45547,52673
"g241",7277,6578,6291,6749,7357,7572,6414,7963,7133,6779,7817,6213,6982,7440,7291,7632,6972,6780,7127,7006,7523,6935,6281,7047,7681,7245,7514,7589,7017,6906
"g242",19110,25537,21358,18906,22397,30976,30293,33524,28062,31669,37218,38732,44384,36421,40452,37009,41296,42569,42785,42083,34191,40099,37960,44549,43997,27464,27394,32790,28624,28737
"g243",209,167,201,161,201,207,219,179,183,172,222,266,216,223,213,194,200,230,221,208,212,178,153,210,190,172,185,171,203,198
"g244",5224,5930,5322,5592,5010,5665,5353,5449,5749,5293,5738,5886,5670,4785,6170,5891,6541,5820,5645,5870,6352,6009,6831,6389,5785,5858,6241,5888,5764,5944
"g245",110,91,129,172,157,61,85,137,101,117,85,89,134,120,87,70,76,72,108,81,85,81,82,78,46,74,62,63,59,83
"g246",0,0,0,0,0,0,0,0,0,0,0,0,0,0,0,0,0,0,0,0,0,0,0,0,0,0,0,0,0,0
"g247",42466,49948,44997,49456,55685,41792,50389,54277,47838,59930,39980,45204,57199,46268,58644,51435,47042,45902,47913,60655,51621,54959,46400,49015,51931,47408,47340,50302,67169,49448
"g248",0,0,0,0,0,0,0,0,0,0,0,0,0,0,0,0,0,0,0,0,0,0,0,0,0,0,0,0,0,0
"g249",7686,7648,8680,7046,8330,8960,8117,8211,8509,8823,7493,8577,8139,6438,8077,7851,8536,8161,8896,8199,7214,8001,7497,7617,8159,7490,7282,7615,7723,7966
"g250",17213,19749,20693,19488,18771,15490,17339,18771,19359,20981,17836,21336,21666,18442,17154,17971,14833,17247,18521,18037,18362,23426,17786,19695,17442,16425,19050,16289,18993,17259
"g251",0,0,0,0,0,0,0,0,0,0,0,0,0,0,0,0,0,0,0,0,0,0,0,0,0,0,0,0,0,0
"g252",538,599,679,621,589,503,562,624,621,622,541,578,585,474,543,549,632,587,553,497,512,535,601,543,445,532,623,560,530,619
"g253",1157,1169,1069,1196,1191,1012,1151,1204,1072,1002,1212,1158,1166,1119,1162,1169,1084,985,1080,1145,1113,1028,1288,1065,1008,1251,1099,1169,1125,1248
"g254",10499,12516,10658,13056,11287,12656,10508,11465,13159,11657,12132,11991,10277,11364,11893,12005,12000,12062,12377,10562,12911,11549,11107,13934,13708,13337,12474,10100,11160,12117
"g255",23532,31142,30925,23978,24688,23184,28915,27009,32493,31033,27929,25628,27418,22368,25426,28308,31268,29539,26206,32488,26979,30674,29715,27911,28712,25678,33192,27927,25984,24916
"g256",7529,6306,6598,7154,6397,5657,6359,7296,6965,6834,6135,6224,6557,5897,6398,6802,6493,6260,5776,6701,6580,5900,7289,6613,7256,6449,6360,6098,6149,7750
"g257",12874,9988,12126,10562,10592,9450,10601,10251,11555,11176,11048,10448,11594,9258,11821,10342,11923,9339,11632,9561,11924,11769,9445,10835,10859,9756,9243,10326,11857,11494
"g258",2839,2768,2759,2964,2802,2716,3086,2822,2810,2766,2717,2857,3014,2736,2756,2771,3202,2547,2901,3004,2661,2650,3088,2950,2644,2959,2892,2573,2666,2403
"g259",49296,50971,42904,45236,50025,45403,36983,42869,45079,50611,41396,46568,50446,46332,48909,43951,52385,55743,52122,41187,46885,46516,52757,43941,37049,38433,53531,42403,39872,44097
"g260",48,38,46,46,51,37,30,30,47,52,60,53,25,48,56,46,46,35,52,35,55,61,50,49,49,38,61,29,51,51
"g261",0,0,0,0,0,0,0,0,0,0,0,0,0,0,0,0,0,0,0,0,0,0,0,0,0,0,0,0,0,0
"g262",49,31,47,48,36,36,44,50,31,66,49,43,42,40,40,49,55,62,38,34,54,62,52,37,37,38,54,64,35,48
"g263",5805,6327,5339,6183,5826,6676,6743,6107,6936,6012,5055,6009,5934,6191,6339,5366,5879,5367,6235,6335,6951,5283,5732,5960,5434,5442,5506,5700,5592,6805
"g264",741,676,630,712,533,605,555,664,651,638,646,707,747,665,780,696,632,788,747,735,655,545,751,631,633,819,647,606,540,820
"g265",8105,9432,8266,8336,7813,10419,7813,9060,8183,10350,10792,9133,9807,9363,7976,9451,9909,9319,8936,8451,9257,9048,8287,9362,9508,9374,8954,9902,7922,9314
"g266",6168,5857,6046,6290,6365,6903,5399,5907,6871,6811,6130,5930,6230,5752,6551,6626,5935,5918,5998,6807,6045,6102,5984,5652,6298,5759,6422,6413,6770,6611
"g267",6796,7568,7697,7165,8471,6369,8233,7401,7637,7654,8295,7105,7639,6740,9551,7328,7464,7210,8572,8136,8228,8455,7929,7480,6328,7241,8431,7381,7029,8433
"g268",829,917,732,913,936,853,863,1034,943,776,986,889,1006,867,887,888,913,904,826,814,1073,850,986,770,1064,926,916,672,797,854
"g269",32651,26585,30807,26464,26530,30119,27923,31811,28476,26365,27401,26976,28856,33923,28761,26277,29205,25416,28007,27085,32777,28538,25648,27097,30519,25687,29083,27764,34112,25155
"g270",112,117,109,83,110,104,125,95,134,96,81,85,79,76,99,95,109,62,89,98,79,107,91,98,112,81,106,84,103,87
"g271",11941,12118,10919,12834,11025,12527,13504,12923,12327,13760,12481,11987,10640,10173,12042,12365,11995,13745,13093,11012,12372,11419,10678,11125,11579,9617,10993,12812,12586,10738
"g272",6499,6831,6496,5729,6247,6442,6891,6733,6146,6552,6112,6034,5785,6566,6550,6727,6260,6890,5965,6389,6747,6053,5913,6017,6026,6033,6423,6919,6253,6500
"g273",59154,64780,51239,58862,65242,68887,64232,53838,54705,61881,47138,65068,54348,66365,63219,46464,61465,57617,61617,58792,57176,74613,56729,44201,73288,59850,58675,56224,69417,61683
"g274",41759,43624,43434,34376,35099,40382,33634,40462,40520,44852,39206,41925,34712,36896,37978,41584,44723,31110,43935,37612,46279,40353,40078,37956,35651,39283,44450,44875,40092,37368
"g275",45,44,42,47,58,28,31,56,51,39,49,37,35,45,47,50,38,39,58,62,48,45,35,53,50,49,53,45,38,47
"g276",1133,1217,1283,1358,1345,1141,1405,1119,1038,1377,1201,1255,1228,1256,1124,1197,1387,1242,1367,1326,1323,1276,1322,1416,1079,1346,1254,1434,1304,1189
"g277",25146,19604,23206,19733,21810,19082,18923,26244,17085,19820,21842,22142,20598,22166,23458,22663,20570,21730,21637,20608,18734,22506,19405,19785,24784,21133,22297,24961,25492,19474
"g278",91200,82730,84181,80138,88460,76387,80306,81309,72521,101537,92039,85798,86010,87880,85898,97593,90046,86962,84905,79259,70433,73056,88413,86104,85950,77329,78276,66595,69398,115297
"g279",2688,2852,3320,3151,3130,2580,2969,2805,2855,2931,2922,2854,2942,2894,3065,2816,2936,3050,3608,2716,2574,3207,3122,2690,2910,3187,3080,2971,2580,2946
"g280",38362,32483,34564,37567,35779,40418,37191,39207,41142,39956,39776,33639,42485,37545,38033,44546,48982,32575,38324,45102,38607,44186,36263,36077,40058,42508,33138,37420,40979,34430
"g281",12038,13848,12891,10426,13560,12692,9787,10898,10604,11700,13771,11253,11703,11769,11662,12265,11536,10873,11507,13705,12565,11102,12044,14356,11339,13455,11353,11726,14650,10810
"g282",35057,32898,30351,27542,31302,26582,26764,27228,32407,30238,30672,27650,30080,28769,27426,27821,33639,24230,31219,25654,27249,31707,27690,27236,30495,28843,29044,30168,26737,25704
"g283",8012,6353,7034,7555,6678,7353,6739,7079,6145,7610,7293,6146,7725,7266,6779,6995,7579,8047,8583,6692,6469,6761,7537,7103,6695,7567,6434,8061,7008,6474
"g284",38808,36393,42100,47399,50558,47855,37775,45161,42057,37078,44851,41399,37360,42875,35193,41250,40474,43459,32273,48299,44244,41750,38944,41387,37351,39666,39160,43989,39666,47575
"g285",1168,1053,1117,1254,1280,1245,1042,1234,1044,1219,1259,1176,1083,1278,1178,1255,1153,1226,1178,1198,1136,1245,1191,1145,1318,1108,1163,1164,1211,1189
"g286",25625,24078,22627,27047,23414,17879,22241,21894,22052,24146,23471,23189,23100,22798,25481,23558,25164,23513,21826,20122,23647,23099,26305,24622,22640,27607,27204,25050,23984,20790
"g287",21449,26318,20309,24043,24968,23892,21797,20849,20995,24188,21691,27499,22065,21769,22319,26954,22679,20112,23173,24982,23793,21979,21585,18428,23382,24510,22687,27290,25279,19899
"g288",407,371,378,336,385,349,365,409,344,422,393,364,432,282,429,299,431,394,335,401,327,393,330,435,303,319,388,316,316,301
"g289",568,504,696,575,579,488,497,623,554,705,561,651,560,683,586,626,577,725,618,610,586,714,604,611,657,582,615,537,629,578
"g290",380,450,364,342,475,415,420,381,366,415,453,460,412,399,383,313,530,483,458,317,473,404,383,310,466,355,452,357,482,355
"g291",67809,62384,64041,67057,81647,64856,58151,61635,58837,57716,56875,75953,64308,58898,60654,60626,80487,63831,54710,57399,54152,72332,60910,48457,59019,52629,56704,62443,51534,61797
"g292",1186,1573,1442,1638,1480,1519,1479,1328,1475,1480,1368,1476,1307,1420,1365,1542,1561,1468,1433,1364,1502,1285,1346,1574,1365,1472,1518,1457,1639,1437
"g293",49099,39525,41832,40666,38697,36823,48121,45449,40828,40963,49701,42823,44719,44473,47450,38687,39878,41654,48080,48206,42115,54344,48184,42985,49605,41826,49374,55753,45080,39335
"g294",5075,7075,6534,6342,6986,6026,6121,6120,6274,6186,6150,5613,6023,5940,6248,6800,6214,6529,6865,5689,6192,6604,6050,6021,5871,6373,5431,5510,5845,5376
"g295",161926,143065,170623,149050,166346,176296,139001,117813,152015,157486,176983,137384,181084,180880,143471,153077,164140,147053,159655,139128,183257,146674,157811,165112,127878,150073,142501,152651,137502,163009
"g296",3713,4047,3647,3471,3929,4240,3715,3919,3928,3735,4060,3639,3864,3854,3642,3675,3580,3221,3089,3914,4454,3954,3714,3758,3788,3612,3365,3754,3659,4010
"g297",8306,11234,8713,10500,8912,9349,10757,9298,9675,10056,8959,10486,10299,9255,10133,14181,12728,11624,13165,11375,15298,14892,15865,13288,14336,21592,19952,18860,16374,16838
"g298",0,0,0,0,0,0,0,0,0,0,0,0,0,0,0,0,0,0,0,0,0,0,0,0,0,0,0,0,0,0
"g299",9575,8254,8329,9112,10397,8346,9215,9216,9256,11204,9722,10084,9588,10388,9845,8396,9255,10434,9103,9439,9594,9074,8918,10656,7903,9296,10215,8562,9197,10763
"g300",0,0,0,0,0,0,0,0,0,0,0,0,0,0,0,0,0,0,0,0,0,0,0,0,0,0,0,0,0,0
"g301",89,66,63,117,99,96,84,98,117,94,100,77,93,79,88,111,77,87,109,108,60,82,120,90,60,68,109,106,106,83
"g302",0,0,0,0,0,0,0,0,0,0,0,0,0,0,0,0,0,0,0,0,0,0,0,0,0,0,0,0,0,0
"g303",0,0,0,0,0,0,0,0,0,0,0,0,0,0,0,0,0,0,0,0,0,0,0,0,0,0,0,0,0,0
"g304",3242,3153,3157,2879,2827,3593,3917,3921,3495,3520,2405,2747,3093,2669,2383,1397,1494,1404,1617,1519,2081,2116,1900,1922,2254,6094,5458,5824,5980,5338
"g305",236,230,225,330,220,247,232,233,275,238,224,250,217,257,244,212,277,225,233,250,285,193,262,230,213,259,178,256,226,243
"g306",5908,6418,5862,5782,6027,5677,5335,5635,6053,6283,6608,5600,5431,6081,5855,6042,6363,5437,5613,6257,6023,6079,6182,5935,5884,5306,5845,5959,6234,5234
"g307",46198,49283,39660,36643,40472,38285,35924,30436,46866,37991,40299,34851,38456,37736,36970,34992,35130,28693,39607,45620,38951,41824,30109,34209,39277,41038,36385,45969,34824,40447
"g308",0,0,0,0,0,0,0,0,0,0,0,0,0,0,0,0,0,0,0,0,0,0,0,0,0,0,0,0,0,0
"g309",0,0,0,0,0,0,0,0,0,0,0,0,0,0,0,0,0,0,0,0,0,0,0,0,0,0,0,0,0,0
"g310",42012,39206,46393,40847,48587,40023,32408,45501,49228,37528,43747,41823,39669,41501,38873,48070,36612,36739,39981,34131,43597,50750,45977,35153,44294,40135,39846,44010,39538,46519
"g311",653,646,677,642,647,665,674,683,620,600,578,671,620,732,626,569,577,681,648,624,727,605,663,717,658,549,772,652,586,558
"g312",27304,34443,37558,39350,35124,28679,30827,38859,36882,34146,30673,34444,27936,29334,31786,31363,35799,33600,31117,33975,34888,31350,31477,36307,32856,41682,36092,30929,30917,30311
"g313",3173,3260,2995,3028,3277,2971,2921,3063,3226,2917,3122,3325,2991,3091,3320,3214,3173,2812,3147,3218,2948,3020,3226,2908,3050,3376,3014,3174,2727,3012
"g314",2810,2861,2734,2799,2827,4436,4592,3765,3738,3912,4928,5724,5464,4441,4773,5239,5052,6409,5189,6015,5236,5147,5505,4716,5226,3668,3930,4476,4025,4163
"g315",8381,6458,6273,7522,6623,6667,6535,7747,6188,7278,7368,6773,7991,6991,6762,6216,7233,7205,8247,7220,7846,7428,8804,7207,6428,6003,6402,6596,7158,6943
"g316",141,141,144,151,107,117,125,186,104,154,161,117,123,98,130,164,154,149,131,147,113,151,149,145,156,123,201,127,150,176
"g317",10103,10117,10894,9625,9663,16456,14182,16347,11834,13103,19715,15175,21650,19727,16587,17151,21135,22118,21682,19973,18549,15271,20793,16754,18686,13937,15269,15414,14964,16416
"g318",1096,981,943,929,948,882,1061,985,1023,810,973,1107,1064,951,1089,912,812,1137,1043,931,917,1032,971,1009,928,926,865,920,908,942
"g319",829,765,813,747,703,808,815,763,784,728,787,746,652,892,787,747,883,730,807,810,821,645,807,774,730,706,806,708,802,809
"g320",5657,4526,5074,5893,4940,3738,3572,3974,4371,4136,3268,3435,3569,3187,3232,3225,2517,3161,2631,3131,2662,2593,3511,2651,2738,2730,2747,2573,2327,2590
"g321",675,512,602,727,787,702,695,584,677,728,603,686,760,603,694,691,569,607,637,726,619,723,650,532,658,617,671,700,647,555
"g322",3098,3013,3097,3088,3197,3010,2901,2814,2447,2834,2333,2324,2487,2023,2471,2112,1940,2093,2029,2022,1553,1710,1915,1677,1655,1456,1466,1489,1458,1480
"g323",4808,4440,4494,4747,4055,3566,3757,3635,3101,3845,2490,2691,3096,2890,2728,2860,2387,2619,2841,2161,2382,2389,2213,2325,2216,2265,2182,2399,1981,2201
"g324",16005,15366,17756,18491,14381,15356,15773,17381,18524,16945,16172,15343,18635,13998,17545,15600,16544,15595,16179,20461,15983,16964,16382,15485,17264,16479,16871,15569,15687,16353
"g325",68580,75787,62684,66307,74090,31481,33271,43722,33299,36019,36746,39469,34499,34927,34486,62737,61825,56650,65131,66566,84180,66414,73869,98157,80925,71856,50630,62827,61266,69502
"g326",38658,32450,31003,32368,34104,32798,35432,33551,33920,39683,40713,38612,27799,36994,32445,34478,43474,34029,29909,30789,34954,34209,33486,28071,36564,34495,39590,27232,38003,34879
"g327",123905,106677,116033,136789,122055,121737,129041,127511,122950,115827,128178,148007,84956,131582,150536,125801,145637,118194,149479,128939,103516,89356,121250,111702,103956,138022,119119,121898,147509,116107
"g328",51479,55116,47319,46669,50221,49123,50997,41801,48420,47311,51230,48497,62925,43777,48757,54928,52537,63967,57819,55624,62283,50920,64154,43429,53976,47170,45562,54040,65440,60389
"g329",2304,2451,2325,2284,2042,2256,2167,2130,2204,2144,1986,2117,2198,2144,2206,2250,2122,2233,2202,2243,1929,2199,2200,2166,1973,2626,2260,2154,2111,2153
"g330",1101,802,946,877,899,828,1023,835,945,888,951,936,1040,810,944,945,899,906,1044,889,945,922,804,1130,1027,955,994,1016,911,995
"g331",39,28,56,35,34,34,24,38,37,45,53,18,25,40,40,50,58,39,59,40,59,66,54,74,46,76,75,86,53,79
"g332",1808,1826,1900,1781,1753,1894,1773,2022,1928,1923,1877,1719,1860,1894,1916,1819,2006,1895,1937,1705,1796,1766,1946,2084,1844,1916,1898,1775,1909,1787
"g333",5327,5940,5466,4865,5368,5255,5439,4954,4942,5810,5376,5280,5698,4754,5527,4625,5647,5226,4787,4959,4845,5299,5349,5892,4583,5337,4661,4942,5480,4838
"g334",2784,3058,2606,2360,2957,3588,3720,4003,3921,3745,4425,4056,4979,4644,4130,5293,5105,5263,4665,5791,6150,5216,5656,5358,6247,5765,5525,5614,5916,5850
"g335",1109,1232,1037,1175,1178,1441,1292,1429,1358,1380,1294,1615,1449,1562,1361,1169,1282,1360,1401,1497,1548,1662,1466,1464,1722,2273,2369,2492,2315,2097
"g336",4683,4411,4927,4650,4479,4235,4353,4316,4533,4905,4089,4248,4671,4562,4261,4330,4366,4120,4789,4854,4311,4833,4545,4379,4772,3996,4529,4388,4732,4068
"g337",51395,41782,58330,47819,56998,52121,53756,45856,52996,44306,45063,56767,47816,39669,52106,54529,47986,50134,56440,65733,43028,45543,45373,45281,61307,49521,52437,53102,51873,48299
"g338",339,348,376,418,294,324,434,461,285,347,273,300,343,380,420,377,398,423,325,445,362,409,412,449,321,347,343,296,285,348
"g339",4661,4579,4448,4330,4119,2500,2550,2636,2609,2347,2520,2633,2386,2423,2457,3651,3629,3624,3887,3468,3505,3815,3626,3066,3009,2478,2239,2358,2158,2288
"g340",2390,2273,2264,2432,2346,2587,2448,2216,2445,2424,2595,2552,2357,2370,2313,2406,2508,2220,2431,2461,2168,2213,2290,2331,2665,2520,2285,2337,2361,2492
"g341",24126,21604,24217,24565,22084,18745,15992,16603,18398,17704,17342,14769,14990,14638,18291,16969,19271,18363,18373,13855,27692,26060,28214,29574,23845,44174,55912,49298,54416,42538
"g342",1641,1490,1872,1526,1649,1850,1713,1881,1848,1519,1809,1623,1558,1707,1885,1696,1944,1841,1685,1762,1705,1712,1765,1796,1646,1830,1793,1701,1791,2058
"g343",20834,19519,23394,24118,21513,19730,23239,20739,19893,18037,21553,21020,18357,22458,18311,21871,22609,20328,17039,21177,18188,23919,24402,17900,23862,19080,24253,21900,19309,19748
"g344",5013,4370,3730,3798,4298,4661,4484,4194,4318,4243,3825,4249,4297,3959,4128,4095,4234,4267,4164,4314,3905,4291,4990,4471,4194,4316,4485,4337,3824,4119
"g345",895,932,733,994,892,890,973,899,949,804,911,923,956,871,959,746,970,920,1046,927,930,961,882,1005,772,846,897,827,824,906
"g346",203,222,214,266,261,213,251,206,235,223,241,225,226,250,275,196,177,233,314,212,222,223,266,274,222,183,236,214,217,229
"g347",26368,23299,22232,21267,20468,22923,26023,22759,19387,25355,23088,19774,24200,23045,22367,25003,25194,25227,23603,24365,25209,23365,26772,24578,22010,27156,23574,22195,23794,27342
"g348",0,0,0,0,0,0,0,0,0,0,0,0,0,0,0,0,0,0,0,0,0,0,0,0,0,0,0,0,0,0
"g349",19970,21913,22604,25080,17238,21302,20682,22921,16294,19024,21734,20041,21788,19806,22487,21474,19725,21902,20296,16135,18714,20562,17699,19505,24084,17038,19549,21602,21098,20867
"g350",0,0,0,0,0,0,0,0,0,0,0,0,0,0,0,0,0,0,0,0,0,0,0,0,0,0,0,0,0,0
"g351",168538,206255,208056,126933,132685,172209,146542,144189,180300,157077,167445,149426,181770,128689,127311,144991,134325,153552,187435,126178,162657,146371,161629,140498,142027,154071,153397,198471,137045,190362
"g352",24615,24091,29630,29770,20430,24019,27096,23822,29733,24039,26114,23121,26189,22619,26270,21296,25320,25989,21149,24633,24084,29694,24574,23836,29555,25415,24586,23788,27871,26579
"g353",9876,10702,10698,11328,8206,9265,10576,9335,11703,10580,9414,11045,10502,9175,9276,10099,8534,10317,8588,8548,12272,8727,9547,11120,10700,9495,10330,9860,10184,10457
"g354",253,210,226,195,205,263,242,239,196,240,240,217,250,205,184,158,245,282,207,241,266,285,245,248,205,288,268,288,304,229
"g355",2371,2134,2276,2219,2091,1952,2274,2095,2268,2136,2103,2283,2078,2152,2178,2201,2063,2059,2059,2368,1968,1977,2252,2173,1916,2030,2219,2350,2409,1900
"g356",19842,23710,20207,23820,20783,20422,24101,25303,24546,24494,24346,25732,24115,24915,26758,24460,22202,23387,19062,26668,24114,23954,25090,27642,29245,40903,37142,39983,45430,51826
"g357",2771,2891,2665,2552,2937,2536,2514,3040,2502,2643,3090,2898,2890,2360,2616,2852,2362,2499,2515,2884,2525,2740,2908,2949,2961,2522,2923,2682,2739,2727
"g358",763,980,912,842,829,955,977,979,917,846,985,880,975,896,791,926,965,905,748,874,885,807,936,809,829,786,838,863,873,783
"g359",750,846,865,700,756,767,801,823,857,755,826,884,859,843,746,773,865,774,836,708,822,754,785,651,923,807,814,740,778,856
"g360",118,90,94,136,97,73,87,79,109,76,99,74,112,139,86,72,94,91,98,76,84,101,96,90,87,81,85,86,116,116
"g361",0,0,0,0,0,0,0,0,0,0,0,0,0,0,0,0,0,0,0,0,0,0,0,0,0,0,0,0,0,0
"g362",18829,21213,20411,20644,18153,20479,20393,20291,22693,19938,19914,21703,18939,17703,21278,18454,21979,22342,16695,18350,20180,20634,19620,17012,24257,21907,21851,19987,16930,22133
"g363",62917,65716,58974,59273,58396,62550,54390,62738,61087,58416,70281,63144,53429,63477,64011,62985,64028,62112,64217,68145,60536,69854,57456,55789,55800,71749,64324,59470,56560,74653
"g364",1113,1240,1186,1362,1124,1235,1127,1228,1150,1233,1173,1270,1220,1354,1092,1187,1058,1233,1276,1410,1187,1313,1217,1209,1287,1227,1209,1232,1214,1105
"g365",182,188,147,182,168,205,141,171,168,214,158,229,202,194,157,185,211,142,234,177,153,155,230,192,178,166,223,165,206,243
"g366",6977,7539,7141,6893,5721,7636,7049,5711,6594,6124,6273,6052,7044,5920,6336,6951,6597,7085,7505,6990,6684,6775,6816,7101,6292,6935,6434,6560,6753,6505
"g367",4255,4968,5145,4282,4956,4802,5188,4535,4660,5050,4344,4409,5243,4859,4385,4872,4899,5204,5221,5012,5117,4695,4428,4832,4997,4831,5103,4804,4707,4724
"g368",3007,2845,2986,2813,3112,3106,3019,3025,3036,2996,2868,2971,3301,3172,2975,3150,3056,3206,2903,3266,2985,2802,3093,3041,3171,3318,2801,3362,3054,3171
"g369",19926,21212,23537,21551,19028,19831,22733,20125,19967,19756,22049,21062,21158,17923,25545,24476,21897,26349,23533,21570,18032,23602,20698,19042,26633,25467,21836,20048,20525,20425
"g370",1812,1625,1774,1831,1855,1848,2051,1883,1486,2223,1688,1660,1726,1792,1815,1939,1577,1684,1936,1639,1772,1804,1774,1859,1685,1744,1786,1853,1833,2068
"g371",24472,28920,23631,27557,20284,22606,25383,24104,21917,27135,24106,26056,27803,23133,24152,24758,23317,26855,28619,24285,24343,23246,26117,26254,22726,22152,27329,25791,24277,24469
"g372",6576,6281,5609,6348,5404,5887,5905,6664,6887,5888,6580,6205,5303,6283,6040,5865,6526,5648,6581,6524,6668,6220,6366,5281,6267,5846,6885,6003,6438,7334
"g373",2910,2778,2496,2445,2709,2937,2476,2859,2563,2833,2169,2879,2683,2667,2786,2444,2466,2783,2638,2616,2769,2468,2365,2618,2440,2826,2719,2705,2505,2587
"g374",8424,7982,8652,8973,8572,15312,10878,13486,11813,13562,18982,17170,15933,14914,16140,17264,16551,17868,13951,15047,14094,15980,16320,16762,15017,14312,14030,12828,15631,13606
"g375",31281,30764,35965,33926,31596,32347,39249,33584,33575,29973,36149,32568,30868,34943,36256,37327,32448,39459,27316,35434,32563,28816,32105,32895,39211,29065,30028,33598,36715,35184
"g376",7295,7346,7350,6322,6976,7685,6946,6723,6746,7124,6859,6765,5630,6239,6811,6337,7297,7602,6142,5898,7244,7011,7577,6791,6487,6080,6640,6311,6410,6138
"g377",7098,7072,7593,6602,6026,8271,7205,7840,7745,6781,11533,9680,9991,8965,11170,10483,11127,10898,12120,12513,12616,12796,9936,11400,11868,11955,12152,13256,14684,13621
"g378",759,681,710,840,799,875,767,703,910,712,748,776,731,781,723,799,772,663,882,730,743,773,768,968,704,894,870,747,724,747
"g379",24714,23174,19173,25121,25852,25305,23660,25680,26227,22697,30491,24886,23161,22598,24690,23770,23548,21165,23811,23012,24134,21414,26768,22369,28915,28425,30466,27042,22878,28083
"g380",1513,1556,1440,1624,1597,1282,1549,1319,1400,1563,1589,1620,1449,1623,1411,1400,1548,1391,1474,1524,1428,1565,1447,1660,1488,1484,1433,1526,1356,1663
"g381",295,380,326,372,366,410,319,359,418,387,404,340,318,368,407,366,411,328,358,421,377,299,308,373,334,330,304,339,385,393
"g382",3029,3122,3331,3032,2909,3309,3134,3175,3314,3132,2872,3124,3430,3048,2953,3064,3176,2899,3018,3015,2705,2830,2916,3163,2701,3180,2884,2680,3091,3515
"g383",715,638,902,861,862,794,690,806,841,744,778,881,739,708,691,826,843,666,815,758,913,888,887,751,757,838,785,709,823,747
"g384",12382,12103,11755,13416,15322,13221,12593,11746,10723,12116,12185,12437,10234,14902,12158,14169,14492,12049,11298,13597,13680,12258,14068,11290,12939,12660,10281,11414,12323,12611
"g385",2929,2589,2678,2500,2770,2725,2921,2626,2933,2895,2588,2741,2901,2654,2610,2874,2622,2604,2768,2697,2730,2836,2766,2915,2799,2722,2657,2707,2637,2841
"g386",14106,14343,11692,14160,15475,16001,13457,13525,13443,15578,12918,13353,16251,12489,12205,12819,13122,14189,14093,14966,16823,13017,15519,14604,14716,14292,16897,13406,14256,17055
"g387",42,53,43,53,47,26,56,57,30,52,36,60,38,36,53,54,34,44,51,46,39,40,55,32,36,46,36,46,35,42
"g388",3475,3895,4162,3597,3492,4002,3957,3519,4146,3902,4120,3863,4006,3575,3739,3558,3809,3472,3756,3661,3655,3464,3987,3771,3495,3645,3869,3777,3549,4179
"g389",897,897,943,997,964,975,938,1017,1003,908,847,859,927,1017,1021,873,965,955,907,934,981,980,1006,794,913,1051,966,965,986,888
"g390",0,0,0,0,0,0,0,0,0,0,0,0,0,0,0,0,0,0,0,0,0,0,0,0,0,0,0,0,0,0
"g391",51297,48412,53482,47238,52273,51034,39385,50431,36470,45750,39549,45273,46776,43411,51536,37084,46801,46497,50768,42724,51756,51659,46947,36240,56548,34389,44588,40190,39689,51772
"g392",2421,2497,2253,2473,2634,2514,2376,2572,2227,2740,2378,2461,2227,2468,2565,2551,2753,2464,2649,2356,2512,2456,2545,2399,2127,2587,2533,2530,2576,2463
"g393",890,833,1045,991,932,1317,1350,1063,1250,1276,1684,1634,1586,1413,1379,1699,1706,1804,1815,1866,1983,2104,1994,1750,2070,1888,1977,1673,1699,1853
"g394",2980,3446,3263,3628,3125,3491,3248,3347,3137,3795,3289,3772,3245,3138,3486,3281,3650,3701,3098,3163,2993,3653,3281,3542,3016,3026,3559,3119,3009,3400
"g395",706,636,688,693,874,662,638,722,842,765,694,771,718,747,714,932,647,810,697,821,763,618,760,733,668,768,743,735,663,772
"g396",26506,32510,26130,29522,31495,32129,33428,26700,30662,30551,25070,32903,31132,28772,38012,32716,26285,31849,31629,26139,28472,27552,36163,26842,33347,29981,38424,30212,29707,31502
"g397",49736,44507,43557,40733,44137,48033,51205,40208,53273,51258,48575,63709,46985,51137,56805,40629,42083,51143,45306,49237,50476,48472,53535,44720,45574,42144,55260,41733,43472,41290
"g398",1941,1889,2075,2133,2061,1981,2193,1989,2262,1956,2199,2068,2100,1854,2094,2250,2195,2001,2010,2142,2086,2032,1822,1869,2129,1979,2048,2090,2022,1871
"g399",4284,3931,3553,4117,3587,4951,4717,4587,4655,4403,5334,5028,5565,5613,5326,6467,6347,6862,6820,6384,7510,7509,7528,6937,6852,7046,8108,7835,7995,7930
"g400",9023,9171,10563,11099,9734,5501,5078,4781,5186,4743,6475,5059,6106,5944,5303,15865,14105,14597,15238,15972,17522,16447,15837,14906,15915,8801,7195,7923,8302,7532
"g401",71244,92197,82632,91449,63221,59805,82095,70340,90289,57497,66391,91237,76594,71110,83724,76682,78105,72696,74061,83093,81170,78389,86115,49944,88243,71090,82219,80586,84305,61383
"g402",21798,21227,23878,21674,25517,21963,24736,19764,25191,27164,25137,29678,22851,21710,21390,25117,24720,22434,22799,21154,25080,21751,23603,21868,22075,17464,20985,21816,20142,22163
"g403",0,0,0,0,0,0,0,0,0,0,0,0,0,0,0,0,0,0,0,0,0,0,0,0,0,0,0,0,0,0
"g404",30511,34931,34610,36678,35032,37414,34068,27955,37440,35156,36631,32049,31216,36669,29025,38499,31704,36740,36699,30818,40991,37223,29863,35384,30839,33352,32244,32330,35998,33672
"g405",62771,70907,72898,69929,87501,62775,75107,76026,62927,70905,61378,73391,69626,77570,70594,66147,58822,72744,82430,77034,88937,72818,80812,67975,74315,67115,77843,81570,76599,67600
"g406",577,648,545,561,631,571,521,597,583,498,644,531,575,629,494,627,632,602,549,476,622,548,508,553,563,476,600,558,477,603
"g407",0,0,0,0,0,0,0,0,0,0,0,0,0,0,0,0,0,0,0,0,0,0,0,0,0,0,0,0,0,0
"g408",11496,12648,11888,10252,11749,8933,9999,9134,8494,10630,8948,7837,8814,6614,8375,8377,6917,6965,7371,6737,6186,6820,5991,6236,5299,5439,6003,6423,5208,5554
"g409",12178,11187,10366,11128,12855,11613,11832,12790,11830,12352,12823,11905,12603,13124,12935,12382,12476,12941,10820,14061,12660,12434,11761,12886,13303,11531,11640,14578,11208,13365
"g410",3120,3106,3307,3252,3424,3349,3232,3606,3619,3397,3330,3383,3086,3649,3541,3225,2973,3197,3254,3241,3450,2837,2902,3303,3125,3182,2791,3058,3470,3496
"g411",305150,307039,354289,321467,354013,348468,336294,275744,381423,329304,279295,287149,283929,367853,217789,274970,332131,306408,347793,318392,276725,423622,303475,222822,264581,287191,324519,306722,361787,393032
"g412",1098,1311,1211,1149,1094,1218,995,1207,1087,1181,1337,1206,1192,1105,1326,1193,1088,1078,1218,1211,1086,1125,1062,1143,1171,1120,1245,1183,1272,1316
"g413",167330,146324,178182,102999,115277,169003,151668,171124,158552,163294,165389,139700,135839,129459,134404,149801,122184,145958,170852,156064,138511,140027,104132,103992,137938,177569,178627,154168,134308,148162
"g414",15853,19115,18540,16234,16676,19438,15975,20343,18474,16561,16945,16834,14505,18409,17015,16880,16665,14764,19893,15430,18387,18849,14573,21918,16561,18993,15776,16164,16117,14930
"g415",404,333,410,426,366,357,526,380,443,434,357,311,299,314,307,374,270,505,316,351,299,433,332,385,348,350,341,318,427,372
"g416",21757,22002,23670,27020,22570,22859,23292,27082,26060,20473,25238,24673,19137,23639,20366,25884,22814,22701,20632,24014,19403,25894,25083,24295,24113,23640,23587,22483,22450,22587
"g417",6884,7617,7242,7608,7177,4992,6052,5124,4933,5456,4842,4533,4736,4429,5223,4825,5357,5329,5280,5129,4269,4815,4173,4416,4300,3518,3818,3628,3798,3588
"g418",57680,55837,62397,77719,73519,50085,56027,66543,61717,45484,66909,61271,58213,65548,74108,64521,56610,63643,72488,60175,67783,58322,53368,61476,63180,70608,58627,66755,59348,65296
"g419",737,651,689,713,644,782,783,767,692,721,712,667,682,610,823,609,719,668,568,747,715,735,723,656,625,728,802,628,687,680
"g420",10903,8556,10771,11964,10567,10784,10580,11348,9976,9151,10972,11147,9532,9704,8973,10775,10403,10678,10640,8315,8409,10042,9655,10187,9092,10499,9123,10391,10661,10737
"g421",2935,2761,2963,2852,2911,2986,3209,3149,3070,2951,3008,3055,3203,3004,3047,2943,2795,2868,2710,2800,2925,2913,2690,2834,3033,2834,2570,3128,2570,2691
"g422",8422,9968,8723,8302,10008,8580,8851,9026,8372,9290,8127,9686,7638,8935,7655,9771,9009,8269,8729,8972,9323,8670,8823,7598,8197,8853,7501,7339,9493,8243
"g423",106548,92958,85646,82611,78829,88998,103171,98731,85437,87576,90519,83836,81134,85504,73411,90687,75673,92908,89052,89917,85555,77459,83811,98928,83705,96470,81446,85704,81803,88433
"g424",10260,9275,10097,10057,8628,7548,6663,8106,7373,7735,6915,8295,8618,8003,8305,10683,10630,9934,8733,10736,8586,8001,8963,8485,7848,5341,4660,5643,4498,5205
"g425",0,0,0,0,0,0,0,0,0,0,0,0,0,0,0,0,0,0,0,0,0,0,0,0,0,0,0,0,0,0
"g426",38758,43259,42224,41364,44612,40379,44955,39595,49079,43968,44451,43093,40975,43132,38106,42658,40661,46278,50223,38592,49735,42917,48787,44447,35142,36360,47978,42686,41555,49137
"g427",13508,18128,17748,15946,19542,16865,18038,16872,15762,14700,17185,16200,19808,16922,17873,15724,19171,16359,16562,14719,17056,14550,16535,16016,17018,14520,18524,17583,13641,15846
"g428",0,0,0,0,0,0,0,0,0,0,0,0,0,0,0,0,0,0,0,0,0,0,0,0,0,0,0,0,0,0
"g429",0,0,0,0,0,0,0,0,0,0,0,0,0,0,0,0,0,0,0,0,0,0,0,0,0,0,0,0,0,0
"g430",9742,8649,8300,8662,9278,10191,8382,10750,8559,10373,10742,8654,9218,9275,9496,10092,10343,9437,8818,10242,9894,10558,10795,8866,9834,9517,8776,11052,9573,8957
"g431",685,920,782,700,844,761,745,669,710,762,741,613,751,781,818,761,757,716,623,759,716,778,674,777,796,805,821,768,853,903
"g432",7829,7495,7929,7618,6992,7133,7742,8010,7987,8431,7327,6359,7035,6817,7900,7223,6206,7204,7204,7368,8491,7727,7628,8140,7164,7831,5962,8030,7905,8299
"g433",25143,29380,25575,24710,25243,24844,28062,23449,23232,23800,22088,24588,22876,19138,29395,28599,27941,25321,22750,29613,18491,22286,24913,23136,27895,23644,20129,22889,25408,21722
"g434",16968,20386,17042,20025,19467,20221,19958,20775,23012,17142,18379,20459,17792,18563,22662,18091,22152,22727,17693,22873,19858,19770,24184,22090,18950,18691,20592,21754,20852,17484
"g435",54563,51670,55278,46811,56398,50003,56897,39685,70247,49359,57777,60284,38422,57636,39358,58484,47477,48583,56634,50141,57566,64458,59673,64045,52071,57036,49042,60915,56600,48384
"g436",22761,23752,20523,19482,22246,20256,22178,24790,24878,19747,19591,22091,22319,19233,19049,20092,22477,19598,23493,23064,24041,25882,19343,21810,23320,24825,22565,23280,22660,19476
"g437",7536,8234,8275,7665,8657,9910,8251,8473,9928,8184,8666,8360,8307,9449,8304,9954,7897,9168,9702,9002,9096,7833,7374,8147,9527,8345,8293,8926,7748,9132
"g438",48480,63132,46651,50231,39888,50970,50286,52504,49494,52764,62871,45738,57620,46957,37582,60928,53436,50021,54931,50544,50742,59616,48642,58489,51363,48467,57272,45462,48105,55619
"g439",14524,15629,15320,15017,15742,14430,15193,14172,17048,16353,15434,13616,14479,14605,16257,13643,17081,16147,17319,14008,14513,15590,15316,14669,12644,13888,14745,15860,13009,14844
"g440",3885,3483,3793,3842,3946,4190,3887,3921,3678,3933,3411,3724,4213,3869,3733,3254,3636,3275,4067,3655,3770,3660,3917,4030,3865,3460,3703,3826,3992,4137
"g441",23,16,21,39,17,37,46,19,38,34,57,39,45,46,41,50,69,50,62,50,74,66,54,40,54,56,69,69,45,66
"g442",0,0,0,0,0,0,0,0,0,0,0,0,0,0,0,0,0,0,0,0,0,0,0,0,0,0,0,0,0,0
"g443",2150,2166,2113,2107,2241,2137,2230,2335,2186,2217,2459,2154,2255,2049,2171,2111,1977,2032,2195,2030,2117,2164,2180,2014,2240,2352,2326,2229,2144,2235
"g444",6931,5991,6551,5788,5975,6511,6623,6255,6330,6454,6777,6233,5604,6168,5396,6278,6533,6177,6694,6502,7006,6645,6586,6516,6113,5995,5688,6696,6189,6370
"g445",8394,7093,7872,8804,8316,12631,13175,11613,13165,13267,15836,15665,14296,13892,14692,10861,12337,10718,14433,11839,8900,8181,7316,7298,8611,4753,4783,4183,3879,4162
"g446",203,185,184,205,175,184,134,152,190,160,242,161,160,177,145,183,163,186,199,210,196,192,196,195,187,154,176,187,191,180
"g447",49039,56174,59244,56823,67742,54875,55339,64557,66905,43634,49055,54499,53919,62980,59525,60458,50909,48059,55465,58948,57246,61587,60912,50868,61859,60470,57766,51969,53667,58603
"g448",3568,3363,3110,3019,3299,5009,4821,5561,5171,4765,6798,6695,6322,5791,6444,6632,6560,6111,6390,6660,4971,5794,4860,4987,4815,2477,2774,2866,2853,2806
"g449",89,96,134,75,96,91,83,94,91,116,98,95,75,89,86,94,76,110,130,78,106,91,94,84,120,101,82,83,73,98
"g450",0,0,0,0,0,0,0,0,0,0,0,0,0,0,0,0,0,0,0,0,0,0,0,0,0,0,0,0,0,0
"g451",4767,4545,5102,4633,4445,4898,4932,5063,4381,4706,4270,5005,4322,4880,4612,4413,4547,4642,4352,5111,4523,4608,4758,4519,4029,4635,5047,4775,4391,4546
"g452",0,0,0,0,0,0,0,0,0,0,0,0,0,0,0,0,0,0,0,0,0,0,0,0,0,0,0,0,0,0
"g453",0,0,0,0,0,0,0,0,0,0,0,0,0,0,0,0,0,0,0,0,0,0,0,0,0,0,0,0,0,0
"g454",43847,61298,61540,57804,50774,33693,34741,33316,27010,39257,31339,29006,26959,34716,26150,35997,30198,32655,34283,33070,42252,52647,51878,36212,38871,80554,70935,63875,81772,62659
"g455",209,172,172,209,253,174,232,150,203,236,134,182,182,180,166,199,147,225,182,215,143,143,171,210,188,165,176,221,160,202
"g456",0,0,0,0,0,0,0,0,0,0,0,0,0,0,0,0,0,0,0,0,0,0,0,0,0,0,0,0,0,0
"g457",304,252,382,382,359,341,401,302,409,281,333,399,341,407,324,291,397,421,398,341,458,354,331,282,399,452,483,419,394,421
"g458",3132,2880,3120,2934,2919,3170,3226,3109,3182,2865,2903,3112,2907,3098,2894,2825,3143,2663,2702,3140,2917,2907,3116,2908,3144,3057,3203,2979,2943,2980
"g459",15102,17353,16408,14973,16516,15723,16536,14220,14193,16345,15519,19928,14060,13932,17130,15896,14985,16384,15438,13883,16375,15329,13071,14426,16673,13454,16754,13708,15242,14689
"g460",14235,13705,14892,15850,14972,14737,14576,14464,14908,13970,12086,14425,17206,12598,12440,14612,15462,14332,15639,19423,18552,14910,13546,18776,14391,14385,13284,15200,15773,14456
"g461",84174,54260,76435,96928,56341,85316,77473,51112,80313,88913,60594,86549,67613,88744,84782,73118,85828,77437,66823,84753,72009,81222,70679,73777,73913,65731,65888,77053,76898,70891
"g462",50070,42115,40355,46102,49001,44314,38462,40133,45229,47904,52585,38042,41987,43025,44476,40252,45300,46265,47029,48688,48366,46488,52399,44745,45487,49664,52824,49583,50902,41790
"g463",22330,19384,17602,19838,19970,21045,24018,22443,21411,23502,22208,19821,25001,19056,18332,22562,22854,20491,20389,21302,21791,22326,24331,21446,26595,20829,20479,27828,23227,22393
"g464",36832,36428,35823,36083,37670,31471,34719,42944,41541,29133,39385,34398,35935,29960,37458,34426,37232,34151,37501,35975,37625,37400,37041,36913,35354,37872,36058,36527,42241,38589
"g465",19973,19447,18500,21218,22845,22483,17141,20145,20658,18218,22895,20247,24718,17940,18326,22656,17892,22450,18439,19017,20086,21551,19899,20140,20688,20611,21917,25491,23830,19380
"g466",5374,5146,5458,5370,5002,4581,5823,4926,5255,6102,5449,5841,5196,5366,5019,4987,4727,4658,5405,4318,5161,4911,5412,5269,4648,5929,5128,5119,5168,5028
"g467",0,0,0,0,0,0,0,0,0,0,0,0,0,0,0,0,0,0,0,0,0,0,0,0,0,0,0,0,0,0
"g468",9706,8939,9002,10114,8941,8821,9993,8940,10193,8551,9007,10382,9154,10182,9024,9111,7518,8975,8314,10165,8907,10000,9031,8550,11590,9153,10528,9302,10994,9925
"g469",13058,12404,10850,13044,14018,11528,12063,10939,10608,13076,11399,10783,11833,11102,11834,10693,11279,11370,11809,9721,10314,11812,11557,14487,13848,12351,10070,10841,12401,10955
"g470",145,171,132,156,115,164,126,179,114,132,144,145,118,117,124,160,131,134,145,145,141,112,157,125,158,147,168,127,149,144
"g471",3145,3709,3518,3642,3098,3853,3349,3660,3261,3216,3230,3770,3615,2935,3413,3483,3596,3566,3855,3315,3404,3677,3393,3396,2998,3443,3534,3496,3306,3710
"g472",66660,49127,47997,69766,50333,48634,59013,70143,59425,63230,62300,67285,57025,62868,51961,70508,55584,76137,60698,65784,64909,50319,43702,60630,69927,58492,64248,67497,64419,58392
"g473",0,0,0,0,0,0,0,0,0,0,0,0,0,0,0,0,0,0,0,0,0,0,0,0,0,0,0,0,0,0
"g474",0,0,0,0,0,0,0,0,0,0,0,0,0,0,0,0,0,0,0,0,0,0,0,0,0,0,0,0,0,0
"g475",5436,4845,4908,5581,5220,5092,4788,5162,5860,4910,6000,5397,4918,5178,5023,5136,5682,5581,4484,5240,4763,4955,4847,4993,5676,4919,5374,4303,5435,4799
"g476",55851,50113,57199,41995,55111,65743,54313,48056,47237,46945,51668,50736,47735,52261,64238,51242,60809,71226,48299,52282,52433,51767,57209,61102,58285,47340,58811,50796,47741,54890
"g477",423,421,428,478,355,435,381,350,387,456,456,385,404,558,403,370,474,409,560,426,425,435,380,346,462,338,440,408,409,416
"g478",1229,1299,1495,1387,1384,1291,1251,1504,1618,1340,1356,1388,1426,1430,1273,1220,1403,1420,1269,1218,1440,1530,1206,1454,1363,1600,1462,1249,1397,1449
"g479",0,0,0,0,0,0,0,0,0,0,0,0,0,0,0,0,0,0,0,0,0,0,0,0,0,0,0,0,0,0
"g480",2851,2456,2655,2797,2741,2669,2722,2695,2643,2919,3091,2338,2719,2872,2328,2930,2557,2687,2316,2523,2796,2477,2695,2693,2673,2888,2548,2523,2360,2802
"g481",2695,2296,2449,2573,2657,2429,2504,2415,2538,2456,2383,2336,2486,2284,2523,2525,2685,2894,2492,2399,2805,2477,2599,2568,2295,2366,2416,2320,2810,2758
"g482",19489,23052,17586,20576,19721,20407,19319,17997,22173,22626,22236,20377,17259,20597,24199,20689,21635,22828,18019,19648,19336,16037,17989,19674,19184,16803,18086,21391,20570,18576
"g483",39966,42347,42295,40356,37865,39148,40869,39241,50272,42222,42416,30816,55647,48811,36672,37374,41399,48901,35648,40289,38189,45701,38672,39812,36426,38494,42926,37610,43384,40623
"g484",0,0,0,0,0,0,0,0,0,0,0,0,0,0,0,0,0,0,0,0,0,0,0,0,0,0,0,0,0,0
"g485",1426,1559,1311,1490,1536,1471,1602,1617,1463,1416,1665,1575,1594,1425,1661,1451,1410,1582,1488,1566,1556,1489,1456,1571,1525,1533,1479,1369,1591,1673
"g486",5087,4699,4603,4127,4887,4782,4516,4888,4308,4990,4763,4328,4588,4539,4716,5184,4638,4706,5205,4387,4284,4226,4520,4629,4128,4739,4680,4674,4727,4684
"g487",5588,5793,5725,5602,6111,5622,5939,5480,5519,5861,5253,6698,6112,6347,6462,6656,5684,5198,5449,6226,6723,6119,6374,6440,6341,5808,6437,5975,5918,5841
"g488",1417,1409,1725,1398,1476,1560,1511,1410,1375,1298,1424,1642,1438,1440,1325,1551,1413,1407,1451,1484,1413,1412,1436,1748,1396,1551,1438,1727,1676,1361
"g489",23889,21404,22031,21076,21019,21041,20375,20797,21434,19204,24923,20482,24174,22306,21843,23084,17667,22164,24769,22115,23430,20592,22456,22584,23173,19890,19105,21759,20423,19543
"g490",4846,5164,5593,4934,4876,5595,5126,5186,5268,5258,5487,4463,5795,5374,5362,5070,4529,5291,5782,5049,5111,4998,5219,4881,5055,4900,5012,4105,5264,6138
"g491",274,271,335,321,302,333,241,325,273,262,250,256,276,317,273,281,266,281,210,212,293,255,231,329,355,210,265,268,289,260
"g492",2675,2828,2799,2689,2959,2789,3097,2813,2630,2673,2879,2891,2794,2821,2898,2901,2575,2569,2868,2772,2807,2892,2625,2690,3077,2820,2969,2757,2626,2587
"g493",29935,28902,33819,35141,27577,19174,19349,18199,17649,17471,11875,15701,15399,12453,13528,17107,17499,16197,17667,18212,23095,25748,23113,23496,25060,43100,48113,42603,52413,49978
"g494",5050,5443,4770,5485,5313,4956,5187,4805,5451,4709,4796,4912,4936,4723,5041,4638,4797,5274,5774,4755,5905,5173,5281,5183,4794,5571,5316,5311,4508,5259
"g495",35508,30551,31003,35598,33112,32288,29195,31375,31119,28222,31222,29381,32362,34465,33719,32859,30303,31287,31530,27902,33922,27813,26827,30864,31143,43391,30521,31251,28983,28159
"g496",4627,4777,4967,4149,4706,4350,4231,4782,4181,4278,5131,4502,4553,4357,5235,4269,4334,4182,3971,4314,4575,4419,4560,4247,4357,4039,3894,4347,3775,4322
"g497",422,409,365,442,353,288,325,397,345,363,357,331,338,329,377,426,323,429,337,428,410,358,315,366,478,388,386,369,324,357
"g498",81661,83110,80232,77694,85528,50556,59516,40402,63782,62746,41663,54785,39184,41173,52437,44174,46296,42614,44289,45556,45259,45163,52245,45851,42927,82673,70304,65369,85999,66419
"g499",38,72,43,54,27,39,31,60,44,37,45,55,58,63,41,45,52,38,53,47,29,41,82,48,44,24,32,66,58,56
"g500",69700,68171,80251,77818,81055,108280,91460,83710,98744,97240,118052,127194,98469,91832,115110,128389,136349,103633,130118,105859,140775,158859,118757,139850,161454,153440,162045,193096,177404,176492
"g501",16672,20006,20061,15798,19147,18160,17608,16044,17303,17768,18906,15506,17200,15503,17825,17564,21458,17717,19191,17449,17850,17278,14593,15721,19233,16603,18755,17406,14865,19233
"g502",14702,15267,18123,17837,13724,17099,16746,16373,17079,18516,16478,16605,16788,17736,21136,19851,14623,18010,17866,16609,18141,16857,15614,18277,13839,15967,19614,18795,16835,20021
"g503",17034,15199,16228,15345,17211,15670,17517,13794,15913,17181,16153,15532,15019,13438,14638,17978,17455,16443,15298,14318,17262,14461,16186,14227,18830,15565,16971,13881,17033,14114
"g504",36951,49440,52266,38734,41130,52255,47494,58354,48882,47254,46461,47413,39774,53636,55500,44171,49305,54666,42317,45341,49235,52587,50675,49225,50384,45240,46926,44636,47192,45981
"g505",4925,5087,5525,5299,4588,4872,4627,5239,4845,4762,4850,4649,4897,4423,5393,5740,5751,5222,5198,4645,4974,5084,5537,4965,5212,5118,5329,4534,5066,5275
"g506",16963,17095,13936,14397,18189,15144,17596,16642,17257,16459,18668,13788,16096,16266,14098,16166,18191,15733,18024,17788,15240,16950,14874,14773,16355,16040,15496,16203,16052,17114
"g507",1451,1285,1622,1267,1399,1320,1316,1420,1514,1547,1353,1500,1344,1541,1338,1493,1298,1397,1466,1516,1352,1492,1645,1504,1598,1545,1368,1515,1393,1306
"g508",0,0,0,0,0,0,0,0,0,0,0,0,0,0,0,0,0,0,0,0,0,0,0,0,0,0,0,0,0,0
"g509",2548,2823,2922,2624,2937,2947,2633,2466,2943,2863,2642,2848,2552,2380,2516,2613,2915,2990,2722,2631,2630,2601,2387,2765,2653,2936,2606,2548,2583,2725
"g510",38511,42647,40798,54582,44433,47772,45341,41262,40478,48243,52230,51899,48741,40631,54880,40947,43929,51034,39763,43876,39337,43946,42935,40347,49188,42129,40690,46684,38392,54190
"g511",246,242,268,290,165,265,309,260,232,194,256,209,205,187,239,270,216,184,263,189,192,225,241,278,205,249,277,214,251,280
"g512",832,751,838,927,837,862,869,849,760,797,926,810,888,834,900,995,847,1085,759,752,793,734,864,811,912,706,857,1066,866,1049
"g513",19288,18613,17021,17061,17271,16108,15620,14555,17695,16137,19566,17846,16347,16660,17050,19109,17158,19330,18154,18319,18839,15463,15361,16666,18509,18580,20449,16112,17796,15937
"g514",4750,4563,4540,4941,4640,5267,6056,4854,4588,5131,4838,4494,4647,5566,4714,5467,4956,4792,5049,4989,5313,5053,4542,5055,5262,4805,5079,4924,4777,4557
"g515",47,29,48,71,38,51,42,65,48,37,38,64,51,47,46,50,55,62,42,33,50,48,48,36,37,56,70,45,47,57
"g516",29857,42531,30600,32454,31880,35643,34386,34318,35574,31271,29864,30343,38863,28910,35442,32916,30009,35980,30608,32624,38505,31883,37908,30102,35401,25888,36643,32351,38959,32777
"g517",6088,5686,6935,5735,6306,6614,6296,5742,7019,6682,6062,5897,6569,5579,6249,5605,6464,6121,6097,5888,6391,6195,5850,6540,6455,6532,5776,6045,7166,6885
"g518",598,631,706,676,647,726,475,530,645,551,675,594,517,608,499,600,600,568,680,678,664,747,613,742,710,616,686,589,818,639
"g519",25004,30574,36080,29303,32390,30578,37250,33906,36779,33984,37266,32332,42076,36811,45988,45562,45930,52045,60026,52956,62395,60832,56024,59054,58048,69186,69442,62705,49572,70093
"g520",11416,13851,12145,12327,11959,11009,13585,12371,11985,13465,14467,11647,11002,12719,12332,12070,14792,12189,11493,12490,11264,13849,12825,11252,12806,12066,11684,10524,14254,13816
"g521",0,0,0,0,0,0,0,0,0,0,0,0,0,0,0,0,0,0,0,0,0,0,0,0,0,0,0,0,0,0
"g522",90302,79389,79802,74375,79385,69092,63470,69958,72737,65688,67423,66575,77336,70534,78593,87829,96497,66207,78810,80341,66047,75343,73512,65227,70814,76985,77469,73411,96395,76121
"g523",21,24,21,24,33,53,36,41,47,53,66,43,51,43,54,58,60,63,77,68,53,74,59,69,64,54,80,45,52,52
"g524",16250,17527,20639,23136,18877,22057,21821,19127,18802,19952,18986,21472,20329,17521,19331,16134,24376,18824,20751,19518,19094,18937,18184,21253,23828,22343,21519,22008,16305,22286
"g525",0,0,0,0,0,0,0,0,0,0,0,0,0,0,0,0,0,0,0,0,0,0,0,0,0,0,0,0,0,0
"g526",17041,18522,18749,16481,18257,20700,16361,16321,17246,18021,16541,17350,17196,20336,16154,15779,15860,18189,18894,17139,16463,18251,15438,16384,19050,15595,18436,17030,16392,16154
"g527",67906,67694,68949,73346,64856,66544,71520,66301,59649,77270,69600,77443,63370,66774,70634,71925,56588,58661,62083,72183,64370,71670,58384,50321,61717,69046,58966,64226,65913,68130
"g528",38087,39296,35379,33161,34883,40850,34435,32837,40013,36289,34104,33972,31150,38760,40412,32987,35668,39268,36596,34155,41496,32409,39837,36087,37161,39273,43325,34584,32308,35201
"g529",0,0,0,0,0,0,0,0,0,0,0,0,0,0,0,0,0,0,0,0,0,0,0,0,0,0,0,0,0,0
"g530",49793,58306,58548,53734,41028,51312,45447,46417,56724,62783,61768,54433,51561,67746,62896,62145,51793,67129,51831,59642,46893,51718,59360,44660,61595,48553,57364,53770,52460,55947
"g531",5197,6001,5191,5039,4890,5133,4744,4247,5771,5056,5229,5868,5852,5544,5978,5020,4927,5839,5386,4947,5098,5621,5422,5225,4853,4848,5363,5013,5423,4974
"g532",1706,1461,1635,1401,1472,1668,1442,1568,1534,1304,1542,1663,1431,1422,1494,1581,1444,1782,1433,1426,1766,1531,1480,1586,1561,1419,1614,1510,1448,1517
"g533",2118,2179,1907,1915,1828,2112,2107,1975,1738,1880,1795,2009,1813,1936,1903,1937,1986,1969,1881,2063,1933,1912,1954,1790,1901,2084,1793,2066,2018,2150
"g534",1852,1690,1753,1685,1662,1786,1653,1869,1870,1740,1714,1793,1864,1993,1606,1749,1713,1794,1842,1936,1943,1747,1928,1678,2144,1874,1841,1842,1697,1669
"g535",4765,5026,5462,5436,4798,4921,5990,4697,5098,4659,4233,4674,5275,5154,4805,4669,5547,5268,4812,5050,5751,5735,5350,4987,5047,5681,5319,5458,5305,4926
"g536",7058,8228,8126,9201,8439,7840,7726,7882,7773,7344,8782,7184,8402,8057,7191,6563,7496,8374,7623,7853,8342,8022,7854,8666,8521,7366,8165,8512,7212,7335
"g537",14519,14606,13767,14295,13936,13855,13873,14027,15186,13746,15952,14339,13285,12673,14546,14338,12252,16463,13593,12533,14807,12648,14038,14218,13997,12426,15494,14459,13112,16313
"g538",20063,23877,17912,20499,21817,16835,18408,18899,19443,20262,19952,18405,19012,19250,19400,22199,16587,19029,18212,21724,20485,18542,21472,16816,18667,16656,20711,17469,16551,20742
"g539",1220,1292,1292,1167,1050,1131,1342,1254,1242,1045,1015,1166,1169,1165,1338,1218,1343,1198,1350,1351,1028,1311,1250,1088,1222,1157,1358,1234,1173,1027
"g540",39484,34159,51820,42502,43306,46692,47990,50748,53891,39081,61083,43057,44391,45029,59701,39021,43414,43128,47912,53341,49058,41059,41099,40834,46780,45441,41771,42384,44216,38286
"g541",2967,2788,2875,3211,3054,2889,3006,3439,2890,2575,3207,3046,3089,2945,3406,3060,2881,3078,3353,3282,3116,2798,2992,2665,2917,2937,2667,2727,3122,3016
"g542",37321,47918,36999,33226,48627,31762,38577,41298,37550,41492,38092,36672,38955,37571,37863,34230,36201,33858,38786,39036,31778,39964,35448,39238,40003,39260,31641,37179,29568,38025
"g543",0,0,0,0,0,0,0,0,0,0,0,0,0,0,0,0,0,0,0,0,0,0,0,0,0,0,0,0,0,0
"g544",4234,3767,4249,4522,4400,4226,4319,4360,3739,4028,3869,4126,4050,4143,4450,4059,3790,4702,4079,3953,4130,3959,3595,4283,3857,4030,4280,3795,3922,4567
"g545",24807,26707,25274,20849,19247,26237,22964,24672,19304,22205,17494,19233,27197,25053,25165,26989,19802,22960,18812,22872,25035,22952,22789,25146,19072,25483,24689,22152,21686,21126
"g546",58484,61566,56914,68808,71689,52615,66227,63553,47326,62144,47050,52787,49770,48055,43047,49510,45315,42009,44057,40896,37921,37869,37049,31789,37876,24352,35565,27499,39454,29218
"g547",53024,56277,47788,47412,54277,34439,34194,31918,31649,30897,24611,28789,26667,24689,28790,20449,29536,20608,21310,22858,25364,25200,26252,22424,23914,32903,36958,31012,30525,34568
"g548",7837,8225,7176,7677,6343,7542,7390,6894,6381,6931,6616,7863,7315,6789,6865,7344,8282,7192,6318,7091,7320,6818,7115,7083,7278,7374,6262,7492,7539,7319
"g549",79727,64905,73328,65938,77808,69103,67109,56438,68779,65490,72868,67729,64664,69380,58928,70611,59372,69094,61487,68833,67265,70256,68367,73810,68528,61476,69397,92200,72293,75543
"g550",13079,15633,15416,15350,15751,14892,16175,17497,15158,12594,13946,15086,13528,17430,13501,15902,13561,14806,15305,14194,16574,13042,16449,14605,16232,13617,15793,14355,16522,15643
"g551",42251,47217,51983,47112,44813,48645,50011,48724,39142,48177,47691,49726,43509,40059,45041,45233,38889,45586,40961,45611,46120,46299,50857,46042,46692,45454,48444,45733,40555,36854
"g552",81358,76796,77561,74012,74090,77334,74854,84323,83849,87651,71289,77037,61105,90203,61484,71527,75524,94079,87462,77791,62506,79970,77836,75018,75287,67035,84197,92691,63869,69561
"g553",0,0,0,0,0,0,0,0,0,0,0,0,0,0,0,0,0,0,0,0,0,0,0,0,0,0,0,0,0,0
"g554",5704,5454,5089,5150,5625,4970,6304,5375,5280,6112,5927,5385,5175,6725,5750,5464,6032,5957,6136,5863,6043,5323,5753,5109,5982,5537,5645,5535,5581,5155
"g555",2573,2513,2351,2585,2503,2398,2580,2475,2249,2832,2333,2459,2429,2342,2471,2256,2560,2306,2508,2196,2435,2623,2325,2675,2395,2311,2652,2504,2592,2658
"g556",0,0,0,0,0,0,0,0,0,0,0,0,0,0,0,0,0,0,0,0,0,0,0,0,0,0,0,0,0,0
"g557",4109,3548,4215,3684,3706,4077,3520,3585,3741,3465,3524,3244,3122,3864,3548,3863,4125,3638,3583,3955,3302,3901,3643,3976,3746,3941,4207,3670,3913,3682
"g558",2853,2727,2658,3073,3092,2413,2528,2713,2569,2434,2149,2228,2166,2025,2201,1941,2056,1938,1827,2051,1757,1582,1661,1732,1694,1451,1583,1517,1459,1409
"g559",317,431,458,387,353,468,478,439,432,519,542,471,420,433,403,573,572,444,505,670,731,821,726,680,673,711,804,746,826,748
"g560",289130,296281,244940,309809,277907,264292,281669,249427,265645,358477,333414,377055,304657,261129,317595,322377,300984,285590,233240,285803,296598,280280,319282,330830,274594,241474,268269,323280,234634,252518
"g561",13838,11657,12032,12858,11097,10587,12152,11947,13038,11924,12401,14025,11998,10540,12680,13615,13406,10938,10782,12884,11919,12016,11663,10775,12493,9972,11789,13556,13545,11800
"g562",568,532,523,554,543,532,634,554,558,484,638,509,518,619,501,575,516,535,638,573,575,532,483,602,648,544,677,509,613,467
"g563",1029,896,1086,1088,1036,1086,878,889,997,991,1273,1045,962,1001,917,1031,1022,1003,1010,947,1084,887,1001,853,966,921,1155,992,987,947
"g564",2842,3063,2944,3055,2956,4887,4059,4608,3594,4121,5306,5653,5266,5259,5217,5791,5670,6109,6058,5154,5799,6291,5632,5233,5361,5352,4904,4526,4644,4397
"g565",7536,7952,7718,7096,7524,8421,8003,7294,7892,6782,8319,7669,7768,7467,7535,7483,6540,7705,7515,9728,8037,6767,7465,7272,7804,6896,8837,7035,8120,8513
"g566",7995,8241,7418,7760,9152,7767,7180,7391,8309,6854,8605,8006,6414,7892,7517,6708,8206,8075,7129,7942,7337,7384,7509,7221,8100,7758,7430,6198,7213,7245
"g567",38289,51094,42358,41201,46962,37862,49833,35672,57863,46117,46431,40070,31224,42231,42335,40033,46230,45923,42156,39224,41924,44809,43782,43871,48414,39968,49750,38623,47046,43647
"g568",12722,15127,15354,12760,13707,13279,14115,14214,17172,16855,15327,15133,15924,16504,13344,15550,15284,14256,16724,13338,14397,15124,14342,13210,14923,14760,16439,15041,14233,13671
"g569",2934,3195,2879,3081,3526,3088,2848,3080,3104,3382,3158,3105,3338,2802,3148,2967,2934,3089,3246,3018,2712,3200,3301,3108,3018,3042,3166,3057,3472,2710
"g570",31082,29493,29686,29605,34924,31745,33763,35541,31512,29786,33621,27651,33742,34949,30749,33849,29092,34910,29560,30709,33876,32505,29423,31797,33208,30529,30873,41499,34268,33917
"g571",979,1088,937,1007,975,1337,1383,1618,1530,1209,1698,1480,1961,1629,1645,2039,1987,2043,2027,2048,2218,2007,2153,2117,2028,1914,2075,2153,2050,2060
"g572",72574,70619,74018,70427,79398,78442,72862,69252,69742,65269,92450,75193,81995,59730,70239,73873,75390,85340,80412,76604,82135,79975,78396,68228,62959,78667,83009,73527,76381,77377
"g573",2457,2594,3018,2539,2782,2592,2580,2906,2629,2681,2541,2561,2378,2548,2559,2361,2606,2833,2629,2736,2864,2452,2574,2332,2362,2773,2448,2443,2692,2587
"g574",16629,18784,14164,14841,16859,14561,14612,20030,16142,15207,14873,17000,16378,17221,15953,15739,18975,15393,15332,16337,15264,17309,14909,15090,16996,18697,16650,17631,14438,16850
"g575",92,98,95,85,101,100,105,100,78,102,70,96,99,100,107,91,121,107,95,77,71,72,133,80,91,73,72,87,96,96
"g576",6745,6359,6073,6675,5714,7358,6072,6939,6404,6941,6667,6566,6911,6227,8254,7178,6123,6433,7425,6278,6944,7605,6987,5799,6730,6394,6677,6911,6237,7200
"g577",27357,26618,26853,29717,27988,31516,29979,28157,23787,28981,31474,27295,28903,29217,28268,28089,28948,30033,27104,24653,29894,28056,29149,27805,27337,29020,28206,32892,23205,29868
"g578",3713,3325,4177,3722,4042,3773,3954,4180,3476,4162,3693,4031,3753,3499,3965,3783,3862,3777,3862,3734,3656,3805,3568,3851,3955,4286,4055,3760,3571,3691
"g579",21903,23238,20074,22785,21375,20338,19815,19629,22720,22629,19776,19948,22306,21454,21359,18939,16343,21360,19756,17342,20983,21443,19555,22914,23113,21012,21294,22692,22306,21185
"g580",9815,10382,8923,10154,10781,11158,10292,11955,9592,9078,8495,9873,10324,10156,9195,8967,11568,8139,9116,9159,10189,9603,11586,10130,9913,9594,10831,10834,9386,8858
"g581",21112,25793,21040,23708,24989,22091,20417,21921,20023,19163,23433,22567,23742,21323,22220,21434,21713,25751,22019,32051,22792,24709,22595,21525,23222,22881,23220,22008,21066,25277
"g582",0,0,0,0,0,0,0,0,0,0,0,0,0,0,0,0,0,0,0,0,0,0,0,0,0,0,0,0,0,0
"g583",20695,20746,22384,22809,19231,17816,22193,19084,21239,18627,25873,27899,18613,21467,23521,21090,19564,22118,21878,26473,19597,22443,22882,22336,21414,21376,21759,19322,23222,18622
"g584",4897,5191,5288,4670,4856,3240,3234,3172,3315,2913,2794,2677,2390,2492,2556,2255,2122,2374,2668,2110,2534,3006,2900,2778,2615,3853,3748,3847,3527,3417
"g585",5078,4439,4623,4910,5055,4721,5178,4702,5186,4618,4904,4513,5461,4911,4793,4843,4863,4856,4785,5151,5265,4950,5000,5723,5131,4320,5290,4806,4665,4873
"g586",65718,69702,82594,77418,58851,79192,51628,72511,61211,70046,93096,66327,73995,83018,72873,63035,62706,82693,66077,65082,84253,52921,78345,78070,74846,69266,68589,74311,80425,69365
"g587",4461,4484,4494,4320,4207,4239,4366,3830,4112,4107,5084,4463,4206,4626,4264,4203,4077,4378,4091,3791,4516,4792,4031,4504,3853,4325,4094,4616,4300,4590
"g588",3481,3023,3408,3331,3206,3203,2950,3183,2797,3144,2752,3367,3263,3164,3294,3165,3057,2984,3114,2887,2959,3522,3169,2975,3363,3421,3353,3180,3147,3154
"g589",8061,6503,6270,6899,5722,7146,6347,6359,7177,6307,7555,6067,6771,5975,6459,6433,7789,6325,6717,5740,6327,6689,6320,6351,6149,6715,6543,6729,7033,6966
"g590",73604,72990,69110,74484,93472,76586,66708,78652,79544,85430,66516,91764,81073,68867,69603,78562,65682,73815,71261,81071,69826,71367,71306,82824,83876,91222,76782,80598,75174,77230
"g591",16029,15478,18774,17372,16724,17155,18107,15795,14899,16917,16787,17390,16933,18423,15702,17504,16650,14510,18187,11751,15732,18792,14721,16646,16451,15843,16765,16275,19052,14299
"g592",0,0,0,0,0,0,0,0,0,0,0,0,0,0,0,0,0,0,0,0,0,0,0,0,0,0,0,0,0,0
"g593",23365,21232,20783,18053,18858,22039,20754,21009,19773,17071,23752,20869,21605,18645,20144,19803,22810,22288,18361,18936,20654,17816,21641,21992,21524,19665,21841,20279,20573,22775
"g594",2007,2224,2269,1814,2149,2078,2106,2060,2491,2146,1913,2100,2068,2108,2052,1950,1963,1966,2002,2229,2020,2285,2036,2306,2076,1973,1905,2239,2202,2201
"g595",30675,34632,27949,27622,29906,33343,30194,31451,37369,37081,29504,28095,25408,32878,32253,27608,29963,29463,27477,31797,33602,30323,31689,35468,32724,30605,31420,28763,29524,29986
"g596",962,956,946,971,969,930,1019,1162,1057,999,944,950,965,981,925,952,968,993,999,918,917,967,1061,885,1067,940,1020,1069,1020,880
"g597",0,0,0,0,0,0,0,0,0,0,0,0,0,0,0,0,0,0,0,0,0,0,0,0,0,0,0,0,0,0
"g598",1557,1799,1662,1922,1427,1533,1682,1752,1522,1702,1817,1692,1724,1654,1644,1661,1567,1749,1407,1476,1703,1602,1795,1426,1689,1621,1688,1683,1802,1934
"g599",3084,3403,3331,2880,3161,2814,3162,3153,3157,2954,3102,2917,3252,3409,3124,3212,2741,3245,2905,3034,3268,3072,3277,3021,2872,3112,3077,3325,2916,2983
"g600",198,163,205,214,155,184,151,220,142,194,149,165,174,164,185,180,201,202,175,154,263,206,178,241,182,195,187,168,175,232
"g601",31155,28952,38112,35861,34897,40726,37468,33992,34930,33953,47143,39212,32481,27954,32163,36741,39454,32143,37914,35734,39748,33036,34969,34929,35954,37969,32447,33394,46010,37269
"g602",7999,7879,7028,8046,8866,8145,7078,8199,7333,7450,7579,7766,9657,7879,8267,8004,8803,7953,7760,7486,7676,7817,7917,6982,8084,6418,7534,8937,8486,9192
"g603",6759,6964,6609,7025,7005,7355,7015,6838,6924,6510,8257,7570,5577,6629,7566,7827,6241,6663,6889,6804,6251,6898,6934,6862,6752,6664,7098,6021,6697,5874
"g604",47544,42464,39384,35086,40549,26818,34488,29879,32883,32161,25018,21854,26219,30008,29275,22963,21702,22721,22394,19939,18985,22559,20527,21986,21756,23758,15863,24484,19209,20509
"g605",33402,41758,32232,38780,39274,40238,38049,37361,37188,41920,36124,42566,37707,34600,37603,36539,33941,34839,33636,41691,31540,42216,38439,39726,38181,40710,37978,39835,35246,40084
"g606",16827,15792,15103,15797,16738,19381,16817,16085,15284,13592,14884,16135,15983,17782,16123,18094,14857,19823,13846,14212,14598,16195,14898,12623,14577,14221,15327,16268,15908,14671
"g607",3738,3860,3604,3690,3277,3378,3423,3698,3592,3034,3113,3846,3529,3280,3406,3346,3627,3560,3572,3195,3185,3104,3838,3298,2982,3108,3654,2951,3661,3270
"g608",3435,3365,3485,3001,2860,3472,3438,3606,3177,4215,3560,3100,3648,3488,3556,3571,3342,3620,3525,3256,4080,3514,3074,3534,3395,3490,3340,3537,3418,3617
"g609",100447,92852,88975,96421,72388,93804,89667,72438,87969,76673,80270,78901,71565,91332,69832,86570,83578,98750,84359,81974,84849,86096,83365,84667,65948,65639,77404,80777,95425,69841
"g610",372,291,393,341,342,359,450,443,452,357,513,519,526,470,435,546,511,572,524,548,728,736,679,671,602,596,737,665,609,668
"g611",435,356,434,478,436,411,374,434,360,439,399,365,398,392,316,380,398,365,368,390,416,402,475,314,493,423,369,479,363,331
"g612",36436,32652,43237,35370,36992,31456,39120,33058,33050,34073,38714,32811,36015,35003,36436,40120,29800,40000,39944,33474,32783,40777,34873,38128,38292,37683,35916,35145,37927,35641
"g613",57,52,53,41,39,46,47,29,40,49,45,61,44,77,59,50,47,31,28,29,28,42,45,47,47,67,30,65,20,41
"g614",12431,10137,12410,14262,12685,11841,12110,12693,13296,13140,12397,12866,14080,12527,14541,12128,13601,14172,14291,13992,14004,12859,13072,13269,12935,11465,11658,11968,13316,11137
"g615",0,0,0,0,0,0,0,0,0,0,0,0,0,0,0,0,0,0,0,0,0,0,0,0,0,0,0,0,0,0
"g616",51938,47257,45843,51902,53473,46703,50937,41259,40317,47042,50497,37338,40873,44922,43513,49004,39412,47996,47690,43910,39111,41456,42137,48890,47963,42711,43527,42690,45995,42753
"g617",17749,21855,18171,20474,20355,21224,24910,20970,20962,23509,21565,21551,18517,22954,21797,19599,17740,19958,20696,19733,20774,16411,19725,20037,20838,18968,21366,16049,23241,19302
"g618",60766,68747,57370,54580,61441,65156,49263,58956,53614,58741,61732,54012,72781,63074,62289,50145,64547,57524,59489,48364,60739,61369,52272,62673,51343,65119,54811,58864,59646,67024
"g619",243,362,352,357,328,311,265,259,271,412,297,300,314,377,337,371,334,344,360,381,351,325,370,298,244,319,384,322,343,399
"g620",535,428,432,503,517,411,507,530,548,497,504,498,523,469,551,569,511,564,514,511,476,630,490,556,562,573,469,647,589,552
"g621",32324,28098,36261,31184,31968,33167,32703,30738,29773,34562,30802,29402,36878,30838,36101,31922,31183,33626,35027,32851,37765,34464,38176,33961,43700,28025,35669,35597,35960,34542
"g622",11324,11086,11413,11809,11626,13009,14701,12657,15638,15130,16370,18441,17051,16909,19286,21516,20092,20964,22774,18483,21930,23067,21730,23740,19818,23457,21394,17810,21844,19890
"g623",336,400,318,336,344,292,339,260,372,303,388,261,306,323,353,423,453,361,425,376,394,623,454,527,552,588,570,692,665,687
"g624",2553,2395,2759,2596,2650,2688,2611,2243,2437,2384,2326,2714,2843,2672,2531,2414,2458,2661,2510,2349,2588,2849,2551,2619,2585,2350,2434,2399,2321,2803
"g625",167402,169570,142011,186299,142145,168087,140372,173129,171394,157541,164699,171500,157716,150706,152454,178369,178523,165138,182219,149019,184736,160609,158076,137764,165984,137983,161767,148671,159574,196575
"g626",46811,53624,58121,53097,43286,47304,42618,35327,49243,51888,58543,42928,50436,50455,48513,47598,51415,54238,58753,44622,44415,45126,57315,54597,55144,54744,48635,50387,46176,42150
"g627",33821,34816,35615,35903,32008,36382,38788,35651,33100,38967,34247,34683,28114,31236,34401,32315,39080,33436,30621,34181,29949,32073,30711,33377,30686,36007,27970,34550,33714,35476
"g628",2764,2951,3025,3304,2725,3078,3049,2710,2814,3218,2815,3215,2952,3129,3111,3191,2903,3020,3253,2977,3221,2822,2877,2604,3242,2545,3043,3025,2665,3056
"g629",2713,2837,2816,3050,2584,2984,2639,2510,2703,2739,2634,2642,2604,2541,2740,2760,2581,2647,2986,2674,2842,2869,2944,2766,2721,2596,2747,2684,2637,2767
"g630",197,173,183,190,178,235,234,359,289,341,351,391,384,403,376,355,354,418,339,376,433,394,387,387,356,280,291,312,303,271
"g631",11328,12021,12417,13740,14951,11557,13854,12665,12448,11833,12472,12727,12545,10328,12147,14917,11912,13391,11127,13113,11313,10679,13693,12767,11033,11875,12320,12177,13140,13146
"g632",3108,2921,2968,3338,3083,3233,3588,2939,3251,2968,3078,3043,3039,3064,3010,3016,2899,2850,2950,3081,2918,3090,3087,2986,3217,3023,2936,2928,2839,3288
"g633",1323,1341,1308,1159,1227,1562,1769,1396,1680,1426,1740,1489,1998,1849,1836,2082,1654,1840,2040,1931,2393,2299,2213,2090,2213,2406,2601,2590,2583,2576
"g634",11780,11744,11283,10341,10932,14443,14630,12179,16226,13316,11771,12103,11998,11761,13355,6805,7808,6075,6969,6559,5428,5349,5754,6211,5954,8072,7542,7505,6556,7534
"g635",1098,1094,1457,1227,1205,1244,1137,1238,1221,1196,1164,1119,1216,1152,1242,1220,1209,1214,1252,1253,1319,1236,1275,1171,1183,1224,1251,1229,1281,1159
"g636",21708,26408,26727,24473,25269,25493,20786,28152,27910,28687,23699,23432,28090,27947,23532,24753,24488,27504,23084,23334,24973,22159,26299,22771,24422,23112,26680,25715,23677,22707
"g637",144189,79397,108556,110303,114945,104393,99500,101819,97564,97691,96733,90780,114592,95458,98691,106534,107681,110088,84968,84614,112310,106419,94870,103154,102628,100069,98425,109734,99781,99471
"g638",3583,4053,3412,4300,4198,4123,4199,4098,3683,4015,3836,3978,3392,3869,3388,4558,4792,3955,3932,3698,4076,3583,4162,4457,3742,3714,4131,3776,3676,4063
"g639",2224,2364,2367,2484,2360,2342,2449,2107,2392,2390,2425,2254,2284,2433,2488,2231,2249,2366,2387,2180,2557,2236,2161,2403,2241,2333,2268,1926,2802,2263
"g640",954,1098,1060,1046,1030,1612,1622,1498,1439,1539,1589,1961,2004,1833,1817,1316,1290,1310,1361,1338,1365,1538,1454,1403,1675,1917,2067,2089,1937,1945
"g641",4310,4065,3478,4122,3782,4104,4408,4332,3961,3599,3795,4323,4125,4109,4146,4130,3693,3995,3877,4035,4622,4421,4309,3964,4484,4133,4168,3814,3871,3570
"g642",3098,2647,2468,2853,2836,2853,2622,2827,2797,2798,2610,2856,2920,2581,2970,2649,2879,2782,2421,3074,2623,2588,2790,2978,2825,2553,2811,3010,3003,2676
"g643",151,137,119,155,194,112,157,149,104,135,147,168,126,168,114,126,123,113,114,139,157,126,141,109,122,145,121,152,138,134
"g644",6092,5685,5240,5997,6901,6346,6931,6062,5976,5724,6437,5774,6928,5824,7334,6266,5373,6879,6534,5824,6526,6049,6863,6249,7014,5840,6041,7366,6271,6565
"g645",30706,30389,33984,31034,29746,29892,23683,31879,25560,31383,22870,24766,21348,22835,26406,21966,15494,17519,20787,19276,14892,20089,17578,18272,16853,15673,15427,21874,17322,15886
"g646",5596,6717,6234,6298,6047,7344,6300,6989,7024,7133,6917,7619,5809,6225,6583,6604,7071,5701,6255,5740,5946,6946,6377,6047,5920,6269,6059,6997,6774,6088
"g647",1927,1813,1935,2072,1950,1989,1900,1980,2104,2161,1973,2040,1878,1947,1778,1609,2048,1909,1924,1848,1821,1930,1944,2094,2069,2002,1773,1907,1798,1823
"g648",2834,2443,2914,2745,2568,3202,2696,2404,2522,2742,2899,2715,2406,2728,3016,2860,3283,2507,2610,2742,2739,2409,2814,2804,2884,3113,2856,2763,3263,3229
"g649",1249,1386,1270,1213,1288,1409,1253,1573,1208,1410,1276,1352,1179,1501,1472,1276,1306,1336,1372,1090,1287,1266,1300,1241,1414,1345,1418,1222,1317,1221
"g650",2501,2156,2292,2262,2384,2211,2264,2162,2229,2266,2624,2379,2002,2244,2471,2415,2366,2264,2593,2411,2417,2369,2166,2080,2186,2278,2206,2197,2413,2513
"g651",13379,15218,15650,12692,12127,14695,13956,17090,12470,13886,11243,13451,13754,12797,12559,14679,12375,14467,14597,13500,12813,12622,13864,12621,14757,14187,14891,12659,13627,12501
"g652",13488,13447,13910,13057,11460,12001,12650,12388,12389,11655,12681,13799,15926,12550,12528,19819,14749,16646,17378,17891,19980,21705,20719,21288,22848,26225,27965,30268,24574,29845
"g653",37412,43126,51350,33552,52654,43318,39332,42061,33785,45420,40432,42913,41897,43289,39865,37108,45318,41377,42001,38277,39200,39449,41515,43653,40352,33102,42699,42464,47285,32409
"g654",4275,3984,3339,4088,3821,3886,3717,4054,4154,3669,3788,3746,3937,4118,4422,5269,4410,5020,4950,4970,6405,5753,6134,5848,6183,7702,8099,7388,7845,7987
"g655",1818,1772,1779,1861,1714,1868,1657,1866,1750,1953,1814,1602,1647,2022,1781,1707,1653,1650,1708,1609,1741,1622,1915,1902,1798,1648,1905,1709,1830,1742
"g656",25304,24119,22788,23404,22164,22109,21919,20956,21371,19787,23267,21007,23393,22158,20502,24771,21528,25809,23019,19413,25347,21807,20286,20257,23404,21572,24222,19811,22544,22719
"g657",39222,30509,29599,31361,29036,31433,28267,34007,28510,32214,27760,36726,33244,31107,25630,33938,33296,24466,36119,30222,28032,26257,34928,34981,29029,27411,29455,28020,29410,27578
"g658",76029,91133,94882,92911,85552,75671,78501,80900,72852,83733,70379,92467,75569,71474,68171,76177,82619,81910,69172,76523,76555,88051,68496,73620,80959,88385,69942,82068,84237,76461
"g659",18881,18177,16855,19286,18021,18756,18091,16879,21361,22420,16908,19055,20220,18649,19330,21681,18256,19105,19241,22733,19052,20719,20414,18860,18676,19125,16834,20759,20633,17582
"g660",56108,61906,67356,62267,73202,69337,59528,65018,52248,63279,64640,61604,65879,56899,58898,55907,63746,73724,62733,68141,53659,50370,60517,72000,51393,71717,54800,53352,67331,51683
"g661",27864,35113,31147,29725,34248,26307,28775,32352,34034,29657,32380,33265,34834,30510,32118,34416,30533,36430,30307,33868,30297,34869,33590,36397,31337,37358,29739,39369,29404,34232
"g662",620,624,591,607,587,588,646,669,611,583,549,661,595,550,641,638,677,639,729,701,504,605,553,653,521,546,676,590,609,587
"g663",37852,39520,34065,32838,29587,35420,39381,39849,33799,38245,36877,34308,39714,38384,34461,32502,31541,30668,36948,33835,30674,33800,31905,34408,46275,36446,38044,38923,37330,37856
"g664",27246,24071,21811,21823,23724,28818,21865,25129,22466,24904,24400,20929,23200,23511,22032,20233,23135,26959,25342,26175,21248,26779,26650,22563,26875,22093,25266,20829,25815,33146
"g665",8130,8956,7650,7797,7106,7093,7125,6927,8091,6435,7552,7456,8697,7036,6523,6697,7977,7720,7240,7613,7643,7220,7060,7202,7929,7686,7613,6451,7443,7958
"g666",2213,1922,1945,1919,2232,2012,2133,2005,1913,2100,1920,1930,2013,2119,2124,2040,2240,2159,2252,2032,1829,1854,1783,1855,2147,2020,2158,2338,2136,2087
"g667",1474,1379,1579,1531,1473,1535,1398,1578,1516,1458,1597,1468,1466,1368,1538,1374,1431,1430,1651,1541,1523,1596,1486,1427,1544,1433,1530,1445,1416,1628
"g668",2724,2821,2773,2919,2878,2736,2657,2606,2758,2917,2648,2875,2958,2688,2920,2732,2759,3068,3049,2979,2630,3155,2521,2932,3191,2724,2815,2818,2996,3088
"g669",11760,9030,9215,10148,11451,9901,10341,11458,9491,11610,11087,12646,10947,10168,11552,9760,9884,10162,10575,11197,12324,9663,9436,10242,10412,9734,11877,10716,9768,10354
"g670",1281,1257,1058,1265,1190,1328,1357,1436,1250,1272,1197,1212,1180,1262,1205,1391,1319,1295,1276,1372,1303,1225,1356,1313,1429,1288,1290,1272,1168,1255
"g671",30436,33351,29349,24230,33430,25397,28734,24320,26520,33250,30109,29081,28150,27949,32186,30935,26789,25791,27577,31496,26867,23208,29286,28068,26829,28604,25701,33423,30980,27147
"g672",15154,15702,18807,13795,16966,17400,17895,16881,16501,16283,17463,18115,17408,15751,13741,15358,17553,16595,14810,14452,13571,17964,16560,16302,14121,15227,15521,16857,16758,15643
"g673",53049,42941,48188,43698,46401,43134,42570,40587,47856,48563,40668,42790,48774,47762,45432,39447,46243,39277,38634,42218,39519,41145,48765,37699,47392,47337,50269,43310,39661,44651
"g674",25396,26154,35023,29159,33933,20513,30966,27532,26758,30318,26170,33498,23617,27361,28670,30417,30213,25675,28051,37799,27100,28942,30241,25675,27591,29688,26663,27429,26758,24075
"g675",114914,97347,86805,64123,100417,109505,93173,80609,88203,86390,88973,102020,87510,96743,77084,103018,100853,99439,77116,101390,88374,104109,83138,88683,102996,75866,93296,80875,78419,74592
"g676",4803,4980,5426,5105,4938,4748,4660,5416,5055,4655,5330,5095,5014,4762,5148,5051,4488,5343,5485,5120,5137,4231,4987,5049,4933,5440,5147,4698,5319,4997
"g677",40115,36180,35883,32732,36950,34518,32085,38729,33273,38489,33272,29947,27663,43149,35199,30726,31197,34295,30750,32904,31924,34373,38182,32940,34124,43335,31049,32185,35176,33419
"g678",1850,1719,1666,1846,1805,1760,1923,1769,1872,1790,1645,1753,1799,1811,1840,1848,1641,1570,1759,1649,1820,1593,2065,1797,1633,1765,1859,1710,1924,1713
"g679",37681,31854,27557,40268,41658,35504,31183,45558,30712,44024,35491,32108,36042,37141,36783,37620,32588,41205,35570,37875,41028,28720,39485,37193,31820,38479,34825,35978,43166,29001
"g680",60500,56863,58692,53109,58048,64663,63109,56403,63021,62816,63178,62391,49518,51075,60228,53281,51753,50473,58603,58366,58322,59030,58450,57075,53614,55332,54290,49711,47146,59808
"g681",99,88,106,136,84,78,64,94,82,77,76,107,113,73,104,98,98,73,103,89,115,81,80,101,57,72,114,90,90,57
"g682",7753,8547,8340,8152,8816,8849,6820,7433,7326,7293,5756,6446,6387,7337,6461,5860,6038,4848,5486,5643,4938,4733,4646,4891,5182,4499,4931,3826,4103,4427
"g683",11252,12887,12496,11392,12147,13255,12342,11303,12030,13375,12480,11982,12236,10753,13333,11387,9344,11996,12287,11794,11501,12138,12576,11545,11564,10649,10865,10563,12777,9941
"g684",51782,58754,62144,60289,54373,57881,67763,52534,53527,52915,55433,60049,65621,62201,59845,57574,56715,50074,55614,62740,53993,60955,57228,60719,41003,62572,53596,63910,64014,61215
"g685",10705,12780,11131,10060,13270,11931,12660,12133,11856,12446,11177,10565,11586,10141,12671,10732,9723,12998,9934,10785,11042,12184,11240,12487,12457,12465,11397,11925,12406,10421
"g686",60009,50460,46628,45970,53557,51386,42958,55241,56410,54011,51850,50412,39084,57445,54959,61389,55692,56665,51182,53826,57562,52666,55187,45227,50674,50665,59075,55879,50663,55113
"g687",51970,46803,46689,60716,47317,36531,31727,34425,29135,30353,21108,24569,26557,23908,24699,27901,31117,32910,25024,27831,43440,39732,36109,48907,44821,92588,97224,89170,86279,101532
"g688",67414,61914,70308,66071,63793,65234,58503,56811,59295,62192,73605,60062,55230,52835,64978,67896,70126,60244,60263,51355,52878,73112,55620,57040,72079,51582,49217,58865,59915,58148
"g689",4372,4548,4440,3946,3838,4159,4349,3818,4364,4089,4297,3816,4101,4680,4017,3895,4116,4608,4327,3923,3670,4638,3917,4192,4294,4375,3965,4344,4388,4480
"g690",1993,2039,1993,1963,2084,2189,1970,2092,1876,2012,1999,2018,1973,1967,1893,2317,1961,1830,1956,1897,2023,1911,1968,1905,2220,2103,1986,2072,2039,2020
"g691",8954,10926,8890,8214,10568,9184,10376,8278,8997,9307,8707,10586,9584,10535,11505,8174,10693,10309,9122,9792,8857,9140,8840,9475,8783,9641,9391,9625,10203,10312
"g692",105,106,73,89,96,97,85,116,92,68,90,127,79,123,84,90,77,84,90,113,92,112,95,98,88,108,139,89,106,92
"g693",100,65,119,58,61,85,101,81,83,82,93,96,88,92,83,63,117,140,67,59,91,93,98,106,106,91,104,95,106,87
"g694",38119,35680,44689,37956,42233,43702,42464,41678,38151,39251,40956,40658,43452,44713,36645,36582,33864,38582,41253,39068,42622,41903,54544,38008,38754,42366,35850,43437,36663,42976
"g695",331,357,380,348,249,287,338,314,245,255,300,374,358,292,366,298,334,407,297,345,306,277,282,405,314,385,411,282,366,285
"g696",57,32,26,32,50,40,49,37,38,47,56,43,26,56,61,62,45,43,38,50,31,27,47,36,35,57,59,40,54,49
"g697",18147,15615,21066,17906,18927,21162,24038,23569,22705,24525,20847,21374,26059,20503,19994,21639,16100,18995,22682,19053,13353,14529,15035,14152,12261,12325,9114,7999,8072,8749
"g698",909,929,937,854,1027,956,1066,900,924,970,875,883,939,926,984,909,930,856,972,949,1046,921,895,918,870,1027,843,1039,878,945
"g699",215,135,213,225,174,189,178,136,191,181,188,205,264,202,187,154,264,199,215,189,179,177,144,143,178,165,213,166,184,221
"g700",0,0,0,0,0,0,0,0,0,0,0,0,0,0,0,0,0,0,0,0,0,0,0,0,0,0,0,0,0,0
"g701",41898,45588,48907,44466,38929,37427,43444,43902,45035,42949,35315,42034,39869,45087,40598,42633,45553,42503,37419,45967,46126,40378,34242,43841,42637,36844,44414,40856,45003,31503
"g702",0,0,0,0,0,0,0,0,0,0,0,0,0,0,0,0,0,0,0,0,0,0,0,0,0,0,0,0,0,0
"g703",2082,1951,2378,2317,2531,2561,2327,2229,1857,2196,2085,2365,2323,2328,2260,2115,2331,2280,2483,2278,2120,2356,2178,2293,2037,2394,2357,2437,2273,2207
"g704",603,641,666,641,698,632,590,652,599,660,606,721,658,556,725,634,553,677,587,751,763,736,668,646,586,700,682,730,641,723
"g705",187238,211886,189467,210755,198047,199972,197657,195243,193523,183409,198118,217732,179814,194580,242389,197405,233015,202881,155966,181651,192894,231866,204127,187894,218394,220500,162339,162983,198239,183512
"g706",5834,5755,5578,4860,5256,5577,5057,5441,4770,5051,5051,4922,5699,5768,5054,4899,4918,4845,4976,5214,5201,5442,5024,4940,5263,5521,4918,5215,5338,5550
"g707",1535,1696,1478,1501,1622,1462,1450,1596,1509,1607,1635,1393,1654,1674,1705,1266,1541,1432,1549,1461,1423,1413,1532,1510,1538,1543,1330,1526,1352,1505
"g708",111664,79788,107601,105465,90446,78190,112655,95419,88411,97502,101563,84314,90450,114013,114511,94133,113998,107863,103885,98249,96514,97821,106650,93626,96360,93385,100433,91263,115579,82682
"g709",1124,1080,1126,997,1236,1056,1081,1181,1054,1011,1153,1104,1118,1056,1062,1085,962,1213,1138,1080,1082,1089,1041,1186,1219,1186,1258,1149,1094,1030
"g710",0,0,0,0,0,0,0,0,0,0,0,0,0,0,0,0,0,0,0,0,0,0,0,0,0,0,0,0,0,0
"g711",49415,48182,58627,54352,55555,45882,51742,49807,50511,54196,60865,40235,63149,55832,67054,55157,60892,61814,51936,58092,43870,39926,50904,56874,57575,54501,55604,54953,56344,54531
"g712",85525,89279,108612,106725,66766,103926,91174,87468,83539,89868,71212,82380,87070,84341,77099,79647,81481,85059,101452,95795,93204,77302,99195,90636,77579,77365,109928,85068,95752,92915
"g713",2530,2655,2444,2557,2668,2263,2605,2825,2655,2499,2329,2416,2625,2665,2530,2560,2655,2569,2341,2543,2676,2025,2790,2309,2471,2465,2702,2415,2367,2406
"g714",22525,21953,19406,18949,24829,19959,23406,26324,18333,24467,27662,23020,20824,23148,22694,20111,24564,19442,25726,21058,24946,24970,23752,24054,21766,24911,24098,23146,22058,22440
"g715",141981,151958,150361,184655,144567,238264,241244,364540,258306,301242,297797,282937,212514,301008,356120,134195,124084,122747,129674,125743,83012,97614,108301,100001,97074,107223,133514,150892,111386,132926
"g716",2177,2131,2112,2252,2062,2248,2056,2256,2136,1985,2110,2079,2055,2023,2219,1961,1891,1752,2303,2349,2100,2073,1985,1989,1918,2015,1816,2176,2247,2368
"g717",16083,17828,16439,14509,14444,17803,16524,18137,18313,18073,14424,17168,14829,14618,18474,18636,16848,13681,18679,18615,17854,17604,15008,16171,16674,14510,15074,16937,15927,16221
"g718",4566,4048,4234,4214,4130,3798,4718,4495,4268,4805,4589,4327,4194,4705,5435,4381,4482,4573,4064,4278,4393,4380,4818,4025,4369,4794,4850,4341,4480,4514
"g719",5387,5603,7156,6414,6378,5124,5708,6187,6273,5817,6411,6544,6102,5655,5826,5603,5678,5860,6029,5691,6010,6384,5750,6124,6277,6224,6588,6177,5922,6376
"g720",2206,2431,2625,2095,1976,2177,2276,2116,2262,2331,2435,2211,2372,2279,2209,2103,2317,2228,2007,2152,2429,2341,2489,2190,2002,2143,2109,2327,2517,2096
"g721",43233,50451,50385,44729,63794,52456,59701,50222,49133,51310,52750,60202,43131,50019,65646,52514,58908,57672,38160,52284,45317,62571,46829,53257,50731,43828,60184,47212,45643,63297
"g722",23649,21772,24157,21226,25901,23140,27682,22877,20746,23195,25064,24291,22255,20943,23013,23458,21680,23619,22143,21566,22616,22319,24641,22123,22475,23673,21850,25304,19804,31260
"g723",24394,18908,23843,19512,23635,22231,22595,21940,27418,24309,20615,27062,22110,25282,21302,25892,26774,22139,27691,24955,25347,22877,25910,22432,25889,22521,25357,20070,23673,21893
"g724",8771,8590,8012,10094,9527,8968,8454,9695,10228,8414,9143,9862,9809,9123,9635,9917,10202,10740,10393,9736,8680,9843,9542,9921,7739,9904,8645,9423,8971,10792
"g725",865,859,863,1110,957,584,547,620,545,596,347,491,499,417,513,439,521,479,441,445,569,737,634,623,624,848,902,1035,862,981
"g726",589,577,714,649,608,618,679,650,609,751,611,678,600,686,661,588,683,583,674,681,803,661,598,650,606,693,676,587,682,690
"g727",4036,4103,4082,4368,4114,3879,4058,4398,3934,4132,4783,4181,4221,4506,4167,4463,3864,4658,4336,3958,4138,4147,4428,4000,4288,4299,3981,4205,3871,4375
"g728",2383,2612,2715,2575,2697,2840,2721,2844,2651,2810,2717,2538,2749,2727,2332,2873,2719,2532,2936,3130,2583,2603,3091,2630,2679,2709,2753,2730,2353,2600
"g729",35191,45410,34597,41100,41832,46747,43313,36471,37084,46814,45980,49184,43096,48466,44087,45848,41315,41195,48389,42335,49241,45806,41556,40114,49227,42964,33066,27477,35762,45076
"g730",570,609,595,544,621,629,649,609,493,554,616,679,602,698,534,613,655,529,584,608,633,713,692,682,522,628,660,547,616,589
"g731",1522,1769,1718,1765,1694,1838,1672,1686,1825,1914,1643,1607,1716,1583,1696,1700,1576,1737,1666,1668,1807,1789,1629,1660,1737,1649,1911,1675,1821,1686
"g732",0,0,0,0,0,0,0,0,0,0,0,0,0,0,0,0,0,0,0,0,0,0,0,0,0,0,0,0,0,0
"g733",2488,2269,2135,2250,2396,2103,2632,2398,2378,2323,2640,2423,2437,2629,2404,2373,2268,2456,2638,2506,2200,2404,2374,2177,2126,2300,2150,2491,2378,2214
"g734",278,295,374,360,326,391,362,377,332,308,298,448,259,286,331,256,298,286,348,360,356,254,276,348,336,342,286,336,339,375
"g735",265443,271109,215792,226921,202798,219710,205380,212934,190030,172859,228936,226540,213743,195660,218629,219469,195855,174033,231500,285533,219639,228205,215862,219847,251157,210505,286690,197310,255269,180074
"g736",136104,117807,139960,126495,126406,133375,141778,157997,147928,130474,136314,162833,147357,123561,129630,134834,118479,139918,131778,116764,158158,140886,134937,143582,126003,129201,144317,121046,156868,140231
"g737",104278,114162,129528,128461,136984,136645,105685,117080,104417,137637,109976,112456,131112,130249,126456,120113,138049,111836,114676,116077,112272,115902,123479,96718,122641,132643,102533,107925,107003,95270
"g738",602,561,617,631,559,571,767,497,662,602,674,622,680,586,718,625,687,608,675,722,567,728,688,727,649,637,607,598,751,633
"g739",3353,3402,3192,3696,3962,3511,3591,3434,3340,3599,3607,3609,3563,3732,3811,3709,3508,3271,3387,3286,3474,3645,3355,3293,3127,3606,3285,3636,3265,3949
"g740",6722,7254,7190,7940,7993,7470,7367,8148,6540,6896,8692,6730,7922,8322,8237,7245,6777,7738,7539,8141,7896,8127,7852,7798,7689,7190,7764,7735,7323,6672
"g741",58103,55753,59059,54726,51287,54570,54631,59247,62476,49087,47034,52305,53168,60565,55196,52843,57784,49484,52823,48384,59880,66820,53836,60276,50335,49689,55569,58784,63155,56240
"g742",21428,22204,19484,25792,20011,18952,17219,22435,20385,20690,17155,19647,21221,22607,18216,23314,19764,20496,22460,24004,19588,19553,25382,18155,16195,21175,23552,21121,17413,20859
"g743",36818,40460,45583,29872,35304,40655,37259,35226,34396,38856,37812,34508,36657,35111,36945,36649,36718,42121,42058,43514,37730,28475,36159,41404,38671,33764,37879,33467,41032,30557
"g744",9434,9845,10609,10364,10298,10122,9905,10130,10078,9257,9325,9865,10257,10576,10133,8086,10445,11146,9618,8654,9647,8645,10280,9266,10551,11597,8631,10425,11029,9313
"g745",263,210,238,184,262,276,183,180,221,244,277,266,185,201,239,310,190,295,213,185,297,185,291,212,267,253,276,183,179,233
"g746",1041,1166,1095,1115,1174,1107,1019,1026,1377,1127,1068,1321,1224,1200,1137,1092,1071,1174,1245,1078,1109,1153,1174,1189,1363,1118,1138,1288,1068,1085
"g747",72901,68048,57911,68307,72715,69609,85006,81651,64353,67709,70831,93907,67320,86689,84962,82022,69622,78322,86555,75444,74548,77019,72638,62920,67262,73962,71879,74066,67130,69122
"g748",3862,4348,3906,4216,4460,4506,4262,4174,4157,4478,4401,4241,4263,4467,4549,4363,4424,4788,4680,4323,4165,4800,4264,4593,4621,4730,4600,4132,4438,4393
"g749",154,207,233,223,222,151,138,151,169,246,146,159,200,134,172,192,212,187,185,163,206,193,198,137,158,132,214,152,194,212
"g750",56753,58962,65476,54175,72979,49456,58839,54203,61033,50565,55528,60699,62770,61705,51427,62368,58681,48796,57390,73369,76206,65195,70412,51828,56445,56629,58039,58172,62064,66504
"g751",5521,4791,5090,5606,5897,5523,5681,5625,6292,5579,6361,5589,4792,5520,5538,5309,5641,5383,5200,5942,5652,6231,6685,6301,5771,6086,5480,5297,5159,6092
"g752",5960,7430,7543,6606,5607,6489,6224,5642,6040,5481,5602,6475,6008,6246,5981,6247,6767,5545,6203,7072,6107,5778,6416,5428,6379,7086,5363,5989,6405,5970
"g753",25919,25954,23837,24039,21468,15700,19540,14361,17011,19744,15943,12216,14271,12987,14268,12966,9465,11976,11106,12494,12243,14126,12539,11813,12421,11651,14897,13983,13103,11839
"g754",42651,38273,45492,41623,36396,49037,50464,41068,39639,35417,41005,44297,41697,45678,45951,38350,44709,40646,46752,45934,47064,50407,39354,41734,47592,41349,39702,44772,40197,43023
"g755",13553,10458,12340,12147,10796,8778,10073,8528,8181,8681,6928,7353,6941,6823,6910,7485,6385,6659,7393,6148,6278,5352,5764,4947,6098,5771,6557,5784,6438,5560
"g756",279,336,368,338,295,331,289,314,292,282,400,411,331,323,311,358,343,305,366,300,282,263,289,347,367,338,314,305,325,342
"g757",1394,1307,1278,1368,1386,1294,1286,1444,1480,1466,1459,1502,1268,1450,1544,1472,1314,1557,1615,1284,1489,1327,1303,1274,1400,1218,1445,1359,1317,1397
"g758",0,0,0,0,0,0,0,0,0,0,0,0,0,0,0,0,0,0,0,0,0,0,0,0,0,0,0,0,0,0
"g759",1096,1166,1169,1198,1047,1246,1325,1290,1113,1188,1228,1103,1187,1169,1031,1274,1314,1074,1175,1073,1245,1204,1248,1108,1288,1247,1143,1226,1297,1149
"g760",29210,28447,32133,24146,30358,25761,28320,30189,28715,26752,23216,29324,30401,32389,27516,27768,33034,26469,21665,29345,24518,31815,27078,27567,27926,33208,30940,29827,25680,24640
"g761",5689,6406,5982,5808,5783,5670,6120,5273,6378,6958,6194,6891,6725,6013,5810,6047,6361,6337,6573,5870,6105,5348,5626,5873,5872,6399,6202,5531,6071,6621
"g762",7308,7534,7671,6920,6982,6574,6880,7062,6144,6396,6275,7252,6212,6999,6264,6838,6823,6459,6358,6041,6992,6456,6228,7224,6748,6521,6023,6395,7457,6872
"g763",19560,22689,18321,20470,20073,19764,21005,21146,23321,19896,22603,19798,19239,21663,20997,24734,20308,19752,19448,19282,21182,17426,20802,18472,20340,19269,18337,17818,19970,18241
"g764",7643,6624,7444,7330,7370,7051,7294,6656,7423,6506,6658,8318,8540,7321,7523,7319,7967,7237,7405,6953,7247,7075,7827,6740,7171,6696,7280,7821,8287,7423
"g765",14333,14971,15923,12378,16735,11375,14871,14042,13517,15038,15382,15079,15492,15842,12034,15306,16160,13245,14101,13802,15755,13541,13416,16732,15450,13910,14889,14793,12014,15294
"g766",15183,13448,14185,13958,12926,14561,13028,14740,11979,11972,13160,10548,11868,12347,13406,12500,14066,13564,13505,12766,13881,13814,14233,11660,14011,13232,14405,13826,12470,13429
"g767",1518,1441,1348,1432,1628,1583,1456,1521,1511,1484,1412,1485,1624,1551,1447,1427,1378,1430,1438,1416,1373,1349,1512,1221,1336,1593,1530,1490,1453,1546
"g768",29018,24639,30822,26932,30345,33736,28133,24967,28366,23939,23658,28136,27807,27133,24983,28137,26217,26393,28056,31227,31183,25125,31240,27835,22654,31005,25604,23147,26056,26488
"g769",71,42,73,70,48,48,39,52,51,46,48,56,42,42,59,50,22,62,47,54,37,35,41,48,50,42,62,51,50,43
"g770",766,863,1007,796,851,936,836,798,842,851,936,766,870,956,916,907,976,908,971,901,1019,966,916,798,800,977,868,800,854,910
"g771",2212,2146,2084,2221,2059,1953,2347,2286,2201,2189,1908,2082,2129,2182,1964,2238,2271,2019,2502,2069,2223,2275,2328,2204,2333,2115,2232,2085,2400,2189
"g772",6698,5730,5262,5885,5125,5954,6157,5895,5916,5073,6578,5232,6047,6023,5559,5743,6019,5211,6351,6354,6226,5909,5579,5486,6139,5451,6057,6134,5378,5615
"g773",3021,3017,3097,2786,3000,2933,3048,3080,3208,3231,3203,2925,2754,2653,2887,2782,2922,3113,3142,2825,2787,2724,2658,2866,2960,2898,2951,3029,3052,3100
"g774",68553,63351,61288,78650,74952,60308,78957,75081,75869,66239,72502,86593,66828,62941,71518,67856,77926,87901,68197,71133,74685,67922,68014,95453,86695,73374,71857,73077,75925,68793
"g775",99227,100366,107945,75823,101199,114877,97626,105408,100952,73754,91744,93848,85449,80588,84289,84836,89219,77295,73498,103392,105698,97036,79497,77952,73084,97729,81943,99285,89361,106291
"g776",57336,58353,43136,39947,54900,55120,46828,53490,57339,48167,50184,50945,67416,52514,53368,46091,52970,47363,43929,55178,57052,55467,53184,42116,47288,59454,46970,43912,48436,50272
"g777",3081,3251,3058,3423,2896,2911,3404,3102,2993,3292,3036,2999,3144,2730,3181,3025,3114,2919,3488,3274,2998,3097,3063,3174,3165,3101,3160,2947,3056,3242
"g778",177,183,165,179,187,204,202,159,198,201,212,171,174,195,217,203,162,188,204,178,237,217,164,170,252,253,151,239,186,157
"g779",1183,1181,1486,1325,1159,1372,1310,1331,1414,1429,1243,1409,1337,1302,1420,1363,1216,1387,1345,1350,1280,1264,1419,1202,1288,1241,1271,1378,1455,1084
"g780",5441,4907,5724,5020,4826,4691,4591,4392,4670,4689,4567,5218,5283,5302,4738,5444,4243,4683,4992,4668,5288,4612,4811,5438,4958,5788,4565,4899,4870,5572
"g781",38526,57706,43865,39603,41167,42256,48900,37782,44677,48450,53192,45673,45351,43334,36335,45738,45029,42689,48025,44796,44994,41340,46609,40133,46746,47356,41886,38201,35408,37317
"g782",511,509,409,472,587,489,488,510,569,443,614,575,457,567,506,556,434,473,514,507,599,520,586,469,569,683,519,538,537,501
"g783",2695,2630,2817,2445,2358,2572,2630,2498,2707,2666,2440,2349,2443,2782,2732,2634,2665,2562,2759,2549,2507,2443,2597,2525,2579,2550,2685,2824,2688,2751
"g784",15889,15113,18737,15221,12621,14101,15753,13285,15538,15399,16443,15534,15219,16286,15446,13187,16732,13661,15038,15978,16955,15769,13787,14271,14733,14968,15153,15661,12450,14764
"g785",0,0,0,0,0,0,0,0,0,0,0,0,0,0,0,0,0,0,0,0,0,0,0,0,0,0,0,0,0,0
"g786",366,313,422,415,348,395,333,340,398,322,349,454,360,329,344,381,361,326,446,368,391,349,389,368,372,398,315,308,347,372
"g787",9969,10622,10730,9704,11180,10610,10569,9216,11219,9187,10949,11140,10799,11032,9737,11172,9171,12093,11157,10954,11022,9820,10307,11025,10176,11214,12359,12497,10450,10067
"g788",1898,1585,1882,1649,1656,1540,1754,1500,1797,1713,1715,1647,1825,1682,1689,1692,1772,1815,1806,1842,1848,1647,1737,1844,1737,1920,1742,1659,1684,1863
"g789",410,461,386,469,481,607,635,756,711,560,822,921,926,823,867,772,938,806,911,693,617,596,682,666,711,364,462,390,436,431
"g790",80397,92945,89741,88525,88122,84697,102884,110397,75020,103850,97013,99683,94534,104745,88518,89792,99318,122868,113324,85908,91894,79014,91203,94404,101214,91092,105066,98474,95410,108031
"g791",1363,1509,1632,1646,1395,1463,1396,1440,1587,1581,1416,1436,1503,1317,1499,1574,1380,1411,1328,1381,1393,1465,1514,1394,1578,1452,1499,1371,1774,1557
"g792",0,0,0,0,0,0,0,0,0,0,0,0,0,0,0,0,0,0,0,0,0,0,0,0,0,0,0,0,0,0
"g793",524,652,636,642,693,566,719,617,598,711,624,630,784,566,559,563,615,639,630,566,686,653,580,673,591,781,583,651,632,592
"g794",45,40,29,43,61,39,44,43,36,57,46,43,56,41,49,39,48,65,43,42,53,62,41,35,50,57,53,36,33,30
"g795",81133,66360,66440,79092,57944,84016,86094,85704,56805,72962,84655,63752,62103,77258,80096,73136,70351,79997,64683,73723,79108,70144,73796,75856,78782,63092,92202,74134,53343,74014
"g796",49413,68948,42175,42798,50290,46289,44460,45137,55249,46096,46998,53913,42153,54151,42953,42452,43905,36007,47485,48031,46618,43386,44272,50371,49490,48415,53526,48013,49352,41880
"g797",7588,7670,6730,8751,7907,7518,6914,7799,6741,7661,7163,7334,6260,7939,7299,6554,7378,6721,7275,6786,8370,8180,6828,7851,6623,8112,8085,6977,6742,7301
"g798",0,0,0,0,0,0,0,0,0,0,0,0,0,0,0,0,0,0,0,0,0,0,0,0,0,0,0,0,0,0
"g799",5880,5954,6520,6374,6964,7053,7710,7045,5289,6503,6067,7090,6334,6417,7603,6555,7635,6021,6257,6327,6573,6855,6318,6557,6461,6821,6645,6834,5924,6045
"g800",850,797,781,838,740,856,946,773,697,859,866,870,854,850,775,796,724,817,741,815,774,745,878,824,771,721,770,881,830,720
"g801",2590,2666,2498,2884,2360,2625,2482,2780,2645,2540,2721,2558,2591,2487,2660,2308,2406,2466,2542,2653,2737,2452,2846,2404,2357,2439,2512,2853,2807,2524
"g802",3320,3160,3771,3453,3289,3560,2790,3693,3397,2856,3369,3357,3767,3285,3037,3196,3484,3274,3365,3022,3182,3262,2926,3539,3088,3110,3173,3029,2823,3050
"g803",3851,4265,3948,4234,4152,4233,4311,4239,4182,4422,4265,4246,3704,4004,3609,4969,4599,3968,4180,4383,3975,4131,4401,4379,4629,4763,3879,4150,3868,4429
"g804",4237,4629,4982,4227,3999,4275,4223,4298,4570,4384,4828,4195,4474,3753,4163,4501,4628,4410,4777,3723,3931,4448,4008,4558,4289,4202,4253,4402,4479,4509
"g805",4055,4291,4358,4491,4385,4733,4189,3943,4528,4391,4504,4465,4015,4182,4207,3787,4501,4320,4011,4592,4126,3672,3833,4262,4435,4529,4378,4859,4193,4923
"g806",32393,30025,27611,25226,30793,27979,25311,31570,32689,37230,27937,29852,36001,32252,33140,31295,32797,31536,30461,42977,55515,44208,47826,52270,40943,49091,54790,63829,55648,63032
"g807",19001,15830,16077,14676,14661,14101,15932,15877,15206,15640,15971,18048,14097,13615,16892,13903,14811,16786,15604,12770,14611,14944,13180,17423,16059,16571,16180,14147,15379,15891
"g808",2419,2188,2692,2769,2348,2397,2380,2651,2796,2366,2606,2620,2266,2547,2155,2482,2465,2425,2556,2402,2328,2471,2558,2569,2577,2378,2784,2400,2590,2755
"g809",14129,13839,13566,13774,10215,11668,9830,10414,10240,10297,11144,10514,11865,13407,11360,12877,12486,14092,13911,13980,15299,18899,15446,19313,19010,25277,31337,29687,25851,26237
"g810",10780,12611,11963,11560,12313,14353,13100,15308,13542,14501,14282,13005,14180,14551,14833,11043,14471,13181,12932,12513,13343,13154,12221,12438,13564,12702,14248,14387,12722,12910
"g811",29986,29180,29028,30476,31035,30753,27731,26194,30313,27134,32684,29363,27655,29732,31462,28606,29937,36024,24728,27431,32724,33423,31833,37263,23143,29179,29785,29980,33044,29701
"g812",5519,5095,5404,5104,4766,5824,5033,5014,5479,5359,5172,5053,4787,4927,5945,5276,4396,5084,5696,5402,5061,5449,5140,5764,5343,5699,5232,4959,5152,5303
"g813",1403,1289,1497,1429,1651,1313,1383,1449,1591,1427,1429,1473,1424,1349,1518,1446,1454,1304,1617,1343,1423,1572,1441,1557,1359,1502,1430,1632,1309,1349
"g814",4002,4729,4364,4444,4292,4003,4321,3890,4025,4231,4025,3862,4715,4141,5016,4173,4920,4537,4050,4029,4109,4130,3904,5029,4464,3678,4380,4010,4155,4355
"g815",0,0,0,0,0,0,0,0,0,0,0,0,0,0,0,0,0,0,0,0,0,0,0,0,0,0,0,0,0,0
"g816",38498,40115,40830,32573,33664,39175,38293,36079,41209,39034,34875,38691,34645,42345,37168,35037,36165,37986,48402,48378,32750,34884,37114,35166,44977,36217,31286,36907,33884,38057
"g817",96708,65116,71654,73265,71632,45217,34976,46071,44591,47771,34260,42691,41547,36659,48756,39355,44300,41594,36292,35402,43608,55582,48522,42097,53385,77891,84230,77410,87355,86317
"g818",24725,21496,24317,22778,27502,24616,27517,26549,23328,19488,24239,28398,25738,23621,21057,26427,23964,29105,21431,22847,22945,26366,23840,25392,24811,30123,17218,19138,26284,21313
"g819",2143,1919,1881,1994,1826,1621,1931,1987,1640,1822,1964,1976,1921,1834,2095,2081,1912,1845,2024,1994,2145,1767,2023,1764,1688,1942,2009,1774,1772,1876
"g820",143718,115289,172261,121951,124573,170229,143095,96956,127378,156464,136838,138786,143081,137961,169689,139030,145130,133834,130285,129928,169685,135158,118765,151441,136321,147439,128331,118976,122925,174624
"g821",37666,42357,39124,37066,37592,20175,22771,24387,21800,21407,24620,27018,30960,31865,24559,46954,51649,65003,36687,45994,44519,40962,41870,44062,38512,16700,19470,16310,17272,17747
"g822",2728,3191,2696,2708,2986,3003,2872,2967,2645,2681,2508,2867,2816,3093,2668,2954,2825,2480,3155,2477,3115,2677,2689,2485,2853,2678,2809,2574,2669,2494
"g823",22520,25379,24732,19549,23529,22673,28776,22087,26158,28241,24924,23918,30905,27722,23939,24590,26601,25137,23893,27935,22797,22974,22548,24782,25121,27740,24915,21402,23623,26036
"g824",22604,28209,26753,23780,26387,23303,30069,21642,25078,24963,25426,28810,20135,26869,23763,27582,25374,26805,29843,21580,19907,25141,25942,25460,23144,27511,27514,24393,20588,24845
"g825",8713,8267,8678,8244,8564,9504,7968,9928,8598,8373,7873,8875,6915,9125,7257,8986,8180,8576,8658,8826,8521,8503,8536,8900,9457,8023,7972,9748,9931,9892
"g826",42928,41460,46461,48155,40935,56765,41700,47467,44102,40801,46290,50830,40161,47582,45085,43717,40616,36324,39789,43618,40704,52588,49854,35248,46937,43428,45733,40137,49050,41418
"g827",1799,1961,1963,2015,1912,1996,1978,1758,2284,2123,1753,2460,1856,2176,2067,2196,2047,2002,2059,2059,1936,2206,1958,1844,2050,2026,1781,1992,2120,1940
"g828",1004,1101,1016,1209,1213,1102,1081,1407,1121,1134,1060,1034,946,1191,1199,1088,1057,1108,1038,1004,1134,1198,1235,1079,943,1024,1137,953,1199,1111
"g829",795,781,701,700,797,797,858,961,831,907,748,812,874,694,791,857,783,739,763,766,749,854,810,679,694,730,729,791,775,781
"g830",231,215,237,255,231,270,280,223,262,253,278,176,230,263,225,188,219,177,262,236,254,282,192,230,234,204,225,327,249,247
"g831",106210,98259,80383,87797,89088,86344,91901,98314,94745,102940,83475,102416,82388,81158,84537,100199,103016,85717,90553,120827,91684,79729,94460,94523,97323,82721,67670,94113,94352,109497
"g832",18375,15133,17159,16072,17694,15124,18515,14437,16575,16693,13466,15584,16836,15048,16532,17819,15604,16498,15903,15602,16932,14203,15469,17242,15301,20101,15938,14902,16674,16186
"g833",7826,9933,8126,7609,7631,9344,8482,8339,8822,8390,9057,7666,8321,8405,8260,8392,8403,8666,6954,8261,8670,8970,9831,8012,7872,8667,8994,7538,8702,8773
"g834",125600,147578,138535,161976,138934,148367,132247,118918,163207,123201,115281,152941,145050,134807,181385,187082,166236,138394,134817,113473,145189,136394,162708,134388,135471,107829,141878,105564,128485,162124
"g835",35799,28881,37836,31399,31886,31000,27704,27721,23201,28952,35532,30727,31122,32216,31025,33460,30943,34064,35442,35694,33844,27274,31047,32492,31548,30678,33241,32012,32243,29650
"g836",5150,5835,5861,6255,4665,8155,8660,9241,7166,8161,10261,9510,10305,10480,8878,11277,11113,10433,10924,11180,12348,12660,12299,11549,11229,11970,12263,9957,11021,10218
"g837",6053,5969,6310,7086,6344,5729,6474,5757,5641,5867,6208,6122,6376,6783,6824,5601,5763,5863,5915,5987,6420,6322,6018,5997,5592,5814,5999,5673,5761,5847
"g838",2586,3215,3490,2999,2871,3659,3511,3771,3736,3272,3762,3589,3698,3673,4216,5079,4779,4282,5019,4252,5708,6060,6002,5980,4497,5899,6154,6271,6606,7517
"g839",12999,14543,11538,10845,10965,13674,12390,12389,12379,12702,13052,10752,13124,13035,11636,11609,14668,15745,14054,14245,11978,13442,11143,12503,14067,13618,14268,11168,11957,10129
"g840",13564,13763,14786,12022,14127,13540,17181,17842,18556,15402,17252,18347,18989,18466,20728,26336,20461,19020,17490,17855,24787,27664,22249,26908,23846,29406,24973,25267,27574,23866
"g841",26695,27287,23166,29693,26319,23595,24948,26950,22082,30005,25100,23359,26058,22799,23611,23874,27215,27038,22118,24232,29112,21528,28686,24157,26035,23596,25477,25166,23539,27056
"g842",40164,56209,43531,65351,54637,42751,44272,40906,51018,51371,38994,47881,48873,55765,48453,41243,42020,46954,40117,53452,48812,47880,45116,58297,53341,51723,43436,53993,49288,49266
"g843",75411,82818,101607,88472,100773,85201,88718,89384,84953,81816,95952,99005,69986,105163,90579,82019,85806,75537,86653,90927,76442,90455,90042,87960,80170,101860,73319,75517,86873,83353
"g844",7187,7068,7025,7934,7173,7924,7088,8295,7972,7089,8186,7026,8390,7369,7443,7767,8303,7504,7483,8636,7522,6609,7268,7362,8437,6958,7412,7546,6790,7127
"g845",15215,14989,16287,17883,14960,17548,15792,16772,15581,14271,18235,16771,15770,16672,18521,15534,16858,16008,16570,16654,18298,19367,17957,17750,15661,16208,17624,16392,18839,19452
"g846",2400,2479,2677,2558,2449,2562,2381,2361,2198,2649,2275,2406,2442,2563,2532,2388,2867,2715,2551,2496,2445,2565,2343,2282,2337,2584,2393,2313,2626,2476
"g847",24223,22519,24915,24630,28599,26417,23541,21570,23197,27141,29157,23946,25930,26888,24470,24657,24631,23998,25986,22915,22037,21812,26823,23666,26831,29940,23237,25364,28392,30331
"g848",119,133,153,142,164,93,162,158,135,130,134,135,136,125,191,93,104,126,131,140,137,109,123,129,162,139,140,132,116,132
"g849",62753,58292,59084,62710,64466,52665,56974,71918,60808,56016,54840,56406,56267,54231,60033,60197,56543,55052,56339,69150,66715,69072,78819,53158,61298,58220,57335,57529,68439,64185
"g850",528,517,553,432,480,465,412,533,436,383,433,569,443,530,548,372,417,482,433,451,564,328,458,460,545,438,406,481,499,503
"g851",4890,5540,5234,5068,5417,4306,4729,5487,4828,4933,4807,4619,5030,5347,5534,4839,5211,5228,5370,4996,4701,4277,4578,5437,4819,4505,4578,4912,5225,4953
"g852",1384,1442,1345,1318,1206,1296,1296,1451,1410,1318,1178,1396,1495,1421,1322,1284,1447,1214,1429,1315,1335,1405,1212,1343,1248,1369,1391,1315,1300,1285
"g853",39134,25443,33278,30746,35382,26245,26399,27147,24592,26277,27141,25966,26578,30132,21850,23433,21834,23149,25514,23964,23478,23036,22549,25555,25712,15650,16116,16625,15818,15402
"g854",1115,1253,1249,1224,1088,2532,2454,2537,2560,2317,2039,2313,2324,1992,2351,1090,1101,1132,1178,1082,988,1161,1125,974,1194,2400,2265,2376,2376,2199
"g855",19588,20856,18633,27859,21991,21941,17691,20947,24870,22496,17824,22186,22782,20007,20643,26626,22311,25650,19329,19653,27191,19126,20836,20866,17465,23245,17833,23135,18507,17388
"g856",703,631,657,841,690,827,821,613,623,595,695,717,560,694,722,714,726,619,743,760,632,600,759,635,642,777,784,655,691,736
"g857",9015,7640,8416,9041,7584,6867,9090,9700,8252,8095,8762,8638,8345,9417,9681,8757,9586,7382,8671,7584,7696,8485,7335,8492,8892,9467,8650,7415,8843,8737
"g858",42053,33345,35629,39675,36385,42718,36414,35661,34803,34084,33337,36688,38887,34700,35392,37487,40217,37844,42260,37165,40984,36139,40858,37823,44060,34188,34576,33559,36684,34013
"g859",1017,985,1050,957,1029,1081,979,935,917,1045,998,886,929,1189,962,887,1073,1166,931,1003,962,931,1012,1134,946,1076,898,1058,1002,937
"g860",47382,50193,52120,50015,60083,70497,59542,57870,68036,49811,56395,48738,54936,57242,59092,49663,53902,61773,58709,61878,54146,43416,56705,60003,65471,58870,61823,52547,60104,62840
"g861",1522,1566,1807,1576,1563,997,960,1093,936,1127,904,761,766,819,813,814,871,703,780,824,844,865,831,924,822,922,1146,855,1109,866
"g862",7276,6752,7058,6632,7537,7359,7584,6427,6675,6443,6952,6228,7226,6497,6992,7329,6595,6998,6328,5819,8145,6646,7825,6170,6890,6365,7280,6104,6466,6180
"g863",20101,20814,21882,21930,19520,24246,23985,20218,24128,22907,26863,20438,26637,26338,22825,26479,21142,22518,21124,27833,16179,24676,25496,22225,22861,20030,25283,24789,21496,26905
"g864",50784,65654,56709,72779,70248,59503,59242,67989,77779,56215,60247,72050,65999,65999,60172,54000,67382,71985,51624,62404,66060,63300,70835,76895,61768,73696,48768,65816,80628,55024
"g865",925,1235,1121,1035,1256,1058,1171,1262,1173,1255,1097,1045,1205,1275,1216,1138,1195,1275,1176,1040,1221,1156,1143,1099,1071,970,1054,1351,1279,1282
"g866",0,0,0,0,0,0,0,0,0,0,0,0,0,0,0,0,0,0,0,0,0,0,0,0,0,0,0,0,0,0
"g867",4290,3461,4536,4619,4106,5284,4866,4628,4715,5293,5879,5391,6039,5917,4671,5554,6611,6553,6651,6475,7549,7235,6944,7723,6475,8045,8572,8650,8199,9937
"g868",1767,1869,1880,1947,1944,2009,1712,1996,1961,1571,1871,1724,1939,1661,1840,1884,1716,1888,1593,1826,1910,1811,1770,1777,1791,1764,1748,1990,2200,1825
"g869",0,0,0,0,0,0,0,0,0,0,0,0,0,0,0,0,0,0,0,0,0,0,0,0,0,0,0,0,0,0
"g870",8454,8662,8248,8481,9302,10084,10447,8667,8574,8503,8215,7673,8850,8370,8437,8555,9115,9352,10129,9108,10264,8854,9361,8605,8918,8586,8565,8432,9800,9685
"g871",2548,2677,2651,2623,2849,2547,2556,2752,2734,2434,2571,2625,2523,2773,2610,2284,2778,2475,2730,2510,2837,2778,2465,2490,2512,2647,2846,2420,2616,2773
"g872",73557,73358,71114,88655,59414,65817,65864,96000,61959,83858,79357,76456,84511,77958,69855,65806,82986,64860,66793,75354,66628,69779,73248,76975,97842,75688,76553,78083,84600,76448
"g873",25099,26443,25769,30358,26990,23304,25077,23167,25073,23381,25935,28636,25870,29600,27892,31654,27968,26245,23445,27028,22712,28458,23542,27738,28048,28873,27139,24054,26566,21774
"g874",2245,2343,2142,2461,2122,2321,2176,2372,2167,1983,2203,2163,2157,2226,2220,2458,2069,2213,2321,2247,2096,2305,2260,2246,2357,2377,2102,2337,2090,2183
"g875",33170,36272,36934,30874,29716,39669,31990,28681,28258,31262,35141,26122,32164,30751,32067,31456,32451,34862,34231,38900,34351,28350,31958,30938,31326,30111,29467,32110,30982,34231
"g876",5486,5394,4723,5489,4742,5365,4642,4987,5674,5750,5272,5367,5076,5563,5193,5636,5552,5206,5692,4708,5119,5367,5880,5228,5968,5458,5817,5587,5818,5283
"g877",16067,15084,16779,17231,18455,12872,15442,20825,16370,18914,16577,16017,19649,17886,14058,16005,13976,17891,16638,17469,15974,16159,15890,17824,17098,17360,16885,16451,22944,19836
"g878",24947,23638,25709,23685,28360,24797,26802,28810,24138,29493,24973,22502,29808,27212,21493,28843,26619,31015,27908,26876,27388,23075,24929,32529,23632,24700,25283,21094,28701,27114
"g879",8561,8420,8528,9620,7558,6581,8790,7368,8682,9282,9113,8684,8193,7027,8059,7778,7797,8117,7562,8057,7944,8341,8827,8475,7925,8174,8693,8551,8066,7795
"g880",4614,5913,5544,5234,5084,4987,5358,4553,4881,5256,6354,5295,4525,5399,4479,4855,5038,5474,4760,5226,5077,4967,4929,5519,5944,4865,5518,4827,5182,5162
"g881",3100,2772,2853,2977,2892,2940,2732,2851,2820,3250,2883,2722,2639,2826,2920,2478,2766,3055,2902,2633,2915,3136,3032,2995,2811,2903,2689,2913,3164,3039
"g882",8181,9337,7855,8365,9293,9034,8794,8080,9576,10082,8631,8457,10327,9236,10021,8996,8752,9887,6962,9190,8812,7697,9181,8988,9423,9050,8408,7854,9937,9216
"g883",4870,4342,3847,3409,4777,4077,3838,4535,3929,4219,3806,4472,4465,4928,3801,3951,4953,4172,5146,4301,4576,4480,3607,4497,4618,3599,4690,4373,4250,4485
"g884",365,371,329,374,385,399,365,432,341,403,369,360,401,346,399,388,390,368,338,352,359,383,350,374,370,368,417,380,377,375
"g885",0,0,0,0,0,0,0,0,0,0,0,0,0,0,0,0,0,0,0,0,0,0,0,0,0,0,0,0,0,0
"g886",10877,10822,8765,9273,9448,11179,10793,11489,10708,10402,10133,9664,10049,9225,9764,10182,9061,10623,11980,10469,10495,10729,11045,10482,9677,8443,9844,11043,10780,10521
"g887",50244,56477,56142,53904,46156,68441,49051,57956,56865,57823,58118,52651,54164,59292,56188,44836,50324,57470,45653,48036,52322,69780,58628,48439,58417,54515,58781,54087,60161,55633
"g888",1101,1302,1450,1374,1222,1280,1298,1337,1236,1347,1247,1443,1348,1244,1453,1271,1400,1269,1260,1281,1286,1491,1335,1266,1441,1349,1252,1394,1342,1210
"g889",13897,17343,16416,14898,15128,23770,20056,20490,18716,23296,28706,22316,23091,23463,20038,24462,31554,29457,30989,26298,32814,29914,33578,33024,30400,30607,35052,36892,34646,38509
"g890",0,0,0,0,0,0,0,0,0,0,0,0,0,0,0,0,0,0,0,0,0,0,0,0,0,0,0,0,0,0
"g891",39161,46386,41416,50316,46208,40367,46888,42851,44875,44531,38905,48238,51837,48130,42719,50149,38908,44372,38993,57065,40833,40846,47425,37685,47337,44887,46068,48072,47301,52818
"g892",2131,2230,2087,2141,2215,2163,2119,2093,2031,2103,2301,2186,2288,2689,2334,2207,2208,2067,2289,2365,2010,2063,2427,1914,2164,2219,2144,2194,2016,2076
"g893",0,0,0,0,0,0,0,0,0,0,0,0,0,0,0,0,0,0,0,0,0,0,0,0,0,0,0,0,0,0
"g894",193,195,179,188,145,194,188,226,180,180,188,170,197,193,180,162,186,205,237,180,235,187,171,163,211,203,181,189,192,139
"g895",31238,35332,29618,40000,35942,30011,23899,22161,24757,30338,23831,26486,25504,28268,26004,22295,18554,18280,18174,21496,19070,15675,16154,13858,14384,12799,14039,16677,17074,15526
"g896",5588,6501,6654,6463,6659,6585,6757,7528,6608,6286,5982,7587,6795,6985,6809,7430,5693,7514,6905,5495,6129,8112,7587,7128,6706,6235,6817,6692,7370,6978
"g897",0,0,0,0,0,0,0,0,0,0,0,0,0,0,0,0,0,0,0,0,0,0,0,0,0,0,0,0,0,0
"g898",9996,8153,8826,8757,9739,8517,8393,9985,10375,9180,9031,9051,8387,8939,8292,8506,8754,9945,10481,10723,10483,9443,9343,10912,9544,9730,9640,10439,10033,8863
"g899",0,0,0,0,0,0,0,0,0,0,0,0,0,0,0,0,0,0,0,0,0,0,0,0,0,0,0,0,0,0
"g900",57373,46907,56313,53626,58003,47806,54294,49027,55217,47366,44337,50755,57030,62241,57677,52874,49008,36991,43878,44278,56034,51254,52268,52527,51151,54836,54904,49260,46893,55992
"g901",44975,41388,49777,46208,43090,45245,47666,42987,50977,50607,48990,43543,53062,50429,40265,41305,35033,53181,38420,39542,47524,45577,40413,49337,43851,41474,46925,43214,49889,43522
"g902",4595,4273,4695,4746,4319,5643,5600,5378,5502,5402,6435,6679,7546,6308,6615,8316,8023,7121,9157,7258,8868,7903,7838,8557,7762,8629,7899,9220,8832,8314
"g903",21378,21607,22648,22467,25059,15252,17052,19419,17408,19825,14277,15338,14218,14892,15072,11998,13501,14424,13135,12834,12547,11965,13434,12222,11912,10625,10721,11228,11516,11914
"g904",64478,80969,66142,46841,43282,61857,58692,53133,59834,63257,57352,58762,58508,69169,52545,56112,62751,67316,59335,51684,57715,58427,50844,51137,58630,58588,56331,58217,72692,63854
"g905",5025,4984,4941,5416,4303,5289,5337,5114,5170,5351,5367,4841,4972,4736,4868,4761,5207,5134,5158,4702,4795,4488,4649,4154,5083,4446,4920,4688,4973,4868
"g906",2816,2946,3203,3169,3340,2886,3177,3076,3120,3012,2916,3283,3211,3591,3348,3386,3139,3012,3265,3204,3132,3226,2999,3316,3150,3155,3315,3023,3292,3082
"g907",48692,47829,58164,48473,48728,49692,61467,58318,44542,47875,62441,56927,44068,53452,47776,45232,58846,50638,47710,55932,40901,54768,56903,55470,49352,55984,52912,51996,60645,48560
"g908",61401,68442,52806,62917,63947,64947,61238,53653,60944,56745,52424,68905,65843,58822,57051,59973,52792,54197,64557,52856,62305,63848,58323,62550,44401,53007,63685,62778,72956,67952
"g909",20632,19702,20808,19124,18933,22541,17532,21369,25183,24112,20227,21863,21111,19814,16239,17377,20151,20521,18558,20265,19725,19842,22539,20887,17230,21492,23126,17106,19182,18292
"g910",561,645,605,533,558,723,501,650,539,610,711,562,683,635,628,517,604,555,744,606,607,664,578,624,657,526,616,558,616,662
"g911",19494,23499,20814,21969,22209,17078,24923,25671,18363,17477,18290,19097,20288,20478,22070,24256,20361,18951,19942,16516,22486,22080,22806,21603,21595,22182,19244,25278,22567,27269
"g912",5488,5971,6401,5903,6808,6239,6280,6148,5000,6622,6150,5911,6411,6733,5758,5916,5715,6207,6951,6443,5941,6542,5584,5442,6519,6271,5945,6349,5713,5674
"g913",816,779,769,788,757,589,663,607,566,648,424,468,387,451,479,317,420,406,400,565,367,413,378,448,340,386,368,414,479,423
"g914",8242,6472,6759,7164,6450,6485,6172,6946,7158,6972,6571,6523,6930,7313,6995,6927,6150,7038,6386,6681,6887,6673,6523,6272,6678,6905,6710,6476,6834,7036
"g915",7904,8627,8050,7931,9817,8515,7250,8553,7631,8493,7614,7800,8400,8510,8671,8119,9434,9598,7738,9135,7134,9117,8063,9007,8129,8443,8532,8107,8032,9009
"g916",8718,9422,11942,10532,10694,11142,9995,8531,10513,9734,8693,11197,11162,10805,9486,9421,9012,11659,9470,11759,9245,9577,11441,10559,10481,11541,11059,11512,10396,10480
"g917",2771,2765,2899,3029,2649,2838,2764,2858,2778,2554,2630,2835,2661,2756,2700,2724,2705,2682,2982,2871,2536,2627,2552,3203,2677,2708,3192,2820,2813,2765
"g918",22194,18868,20595,21467,20400,26472,21504,20397,17658,20366,19319,24638,20714,18964,21435,21985,22813,16469,22135,18202,21330,23535,20505,23514,19932,18679,21357,19596,22423,18949
"g919",3699,4380,4333,3748,3973,4200,4066,4517,3866,3617,4704,3685,4190,4002,4359,3485,4432,4041,4317,4083,4683,4014,4077,3835,4237,4003,3885,4592,4331,3984
"g920",6039,5641,5813,6197,5446,5499,4780,4768,5192,5363,4955,4653,4315,4331,4414,3786,3897,3774,4307,3886,3809,3518,3352,2963,3423,2880,3008,3257,2915,2934
"g921",4587,4242,3895,3798,4108,4168,4284,4036,4154,4062,3806,4112,3963,4516,4265,4227,4357,4592,4094,4226,3904,4385,4017,4527,4647,4551,4173,4039,4070,3848
"g922",10864,12731,11825,10232,10357,11590,11308,12923,11912,11372,11692,12157,11801,12469,10519,12479,11948,11048,12535,10230,11573,12958,11316,9711,12628,11673,12711,12413,11845,12301
"g923",85687,72795,77248,90708,75677,67764,83892,83598,88997,89724,88171,80180,89952,69467,87501,90703,67048,78334,75920,86391,60129,76217,88641,96047,77955,96364,76759,84166,72549,81215
"g924",91,99,69,83,106,96,68,120,89,84,106,69,87,113,98,112,72,93,72,107,92,102,109,93,70,99,120,106,100,87
"g925",29224,33854,31664,31257,42213,31874,32315,33944,34087,37837,29809,34501,38091,33773,44013,31838,33623,30732,39899,28194,34083,38921,33923,32752,35083,32027,33454,34053,36044,29270
"g926",780,765,792,877,874,879,902,725,866,814,833,807,833,839,757,724,819,814,826,778,1100,873,791,943,749,774,868,914,735,785
"g927",0,0,0,0,0,0,0,0,0,0,0,0,0,0,0,0,0,0,0,0,0,0,0,0,0,0,0,0,0,0
"g928",3200,3932,3560,3077,3666,3394,2989,3416,3482,3518,3338,3345,3609,2926,3080,2986,3588,3027,3086,3498,3661,3273,3626,3579,3482,3396,2903,3066,3678,3709
"g929",879,1104,1085,1158,1098,1079,961,871,1093,1126,1009,1036,1068,1075,1018,1065,998,1109,1095,1018,1023,825,1011,1065,975,1076,1287,1108,1079,942
"g930",3743,3632,3959,3452,4193,3554,3388,3592,3421,3485,4158,3386,3987,4187,3867,3529,3908,3731,3615,3745,3555,3228,3132,4119,3436,3782,4198,3234,3356,3697
"g931",0,0,0,0,0,0,0,0,0,0,0,0,0,0,0,0,0,0,0,0,0,0,0,0,0,0,0,0,0,0
"g932",0,0,0,0,0,0,0,0,0,0,0,0,0,0,0,0,0,0,0,0,0,0,0,0,0,0,0,0,0,0
"g933",120765,131592,132118,88929,103233,109630,116425,133086,84477,114775,114862,103613,120576,115936,101736,124409,103637,110633,123349,117227,111700,114916,123824,99692,112130,108256,102848,102600,102327,121359
"g934",17795,19761,17120,18703,19520,21518,19391,18468,19158,20552,15926,19078,15974,18121,14226,17171,15101,17249,21241,19092,18517,16356,18104,19365,13965,20799,18027,17842,18252,14124
"g935",16195,16926,17380,21711,18526,15898,22005,18114,18495,19393,18278,19142,20672,15118,15126,17497,15831,20025,16817,18860,14529,17471,16182,14945,19869,16116,14877,19741,14011,17426
"g936",19777,19933,21303,18483,19737,24404,17774,20019,17493,18679,21112,22076,21457,26903,18364,20587,18540,21756,19342,22511,23449,22373,24338,21865,19452,24735,18214,22416,24637,21713
"g937",24803,24901,24944,25273,25623,26922,22733,28395,25288,28268,20605,30248,25386,25288,23187,26984,23123,26654,23514,26877,23061,27557,25098,23772,22160,27424,25507,22971,21085,29997
"g938",3943,4198,3836,3892,3609,3803,4120,4122,3895,4230,3686,3679,4341,3747,3849,3821,4025,4320,3772,4215,3674,3861,3607,3677,3985,4169,4083,3994,3595,4027
"g939",59755,53594,60001,52551,53935,56257,50772,47515,47987,43643,60537,57526,56915,56935,47490,68512,61149,44744,48617,67708,57835,47697,50075,46594,60079,62034,50708,64131,65245,60822
"g940",11747,11683,13816,12374,10008,13264,12281,10987,10682,12186,13403,12182,11584,12278,11318,10321,10237,13331,12052,13229,11789,11737,12723,12019,10869,13202,13074,12860,14876,11781
"g941",303,316,323,313,319,295,294,273,300,242,268,299,310,244,283,225,327,276,246,218,272,349,262,297,275,322,285,297,277,248
"g942",296,240,319,333,268,283,297,262,247,218,309,268,218,278,309,295,329,213,300,321,325,296,219,352,284,308,337,275,318,301
"g943",13647,14154,13125,15046,11688,11812,14681,12477,13294,16064,14455,12198,12820,14759,13194,11288,12072,13260,12115,13490,12303,13437,14684,12629,15145,14011,11432,13222,13734,14206
"g944",54361,75051,64578,65820,61907,71501,48269,67900,62902,68125,65879,57227,52870,65070,63014,70284,71547,62252,63664,67061,57186,56309,58729,67433,72908,59761,58638,69675,61031,68814
"g945",9048,10559,10364,8736,10843,8484,9420,11074,10602,9500,10440,10565,10758,10232,9413,10199,9151,9327,9298,9380,8603,9075,9869,10666,10222,9229,9098,10569,8744,8729
"g946",4131,3729,3928,4003,3513,4141,3477,3430,3658,3979,3368,3594,3530,3815,4107,3947,3611,3678,4112,4296,3617,4273,3734,4101,3677,3717,3854,3792,3542,3909
"g947",23177,19214,22134,21032,19833,20559,20595,19612,21658,22854,21090,21582,21579,20438,16477,18217,17005,20461,20938,19482,20608,21817,22111,17517,23121,23147,22710,21048,21691,20798
"g948",0,0,0,0,0,0,0,0,0,0,0,0,0,0,0,0,0,0,0,0,0,0,0,0,0,0,0,0,0,0
"g949",9588,11185,11109,11408,12515,11341,9640,10998,9780,11115,9835,9003,11674,11228,11693,11181,12796,10850,12291,12902,10302,11068,12005,10471,11628,12043,11533,11345,9942,10594
"g950",62817,103562,69191,77827,81897,87435,76727,80125,84345,73616,75081,90400,85221,79258,76457,100992,81811,71873,58498,61344,73347,87029,73738,69215,87220,84603,79309,59513,69071,86137
"g951",13640,12813,12036,15322,12592,14331,14066,13089,13988,13540,12667,15108,13813,12404,13614,13149,13120,13056,13104,12233,13655,12195,13357,14664,13773,14226,14007,13748,13792,13448
"g952",0,0,0,0,0,0,0,0,0,0,0,0,0,0,0,0,0,0,0,0,0,0,0,0,0,0,0,0,0,0
"g953",0,0,0,0,0,0,0,0,0,0,0,0,0,0,0,0,0,0,0,0,0,0,0,0,0,0,0,0,0,0
"g954",4509,4548,4529,4232,5038,4652,4624,4130,4351,5072,3993,4851,4305,3916,4217,4354,4521,4548,4682,4209,4957,4168,4274,4404,4401,4440,4881,3798,4042,4676
"g955",4281,3974,4070,4320,4179,4918,5677,4926,4958,4623,5613,5879,6061,6020,6514,6309,7418,6312,7310,6719,7397,8073,7940,8047,8522,9330,8583,9341,8772,9366
"g956",0,0,0,0,0,0,0,0,0,0,0,0,0,0,0,0,0,0,0,0,0,0,0,0,0,0,0,0,0,0
"g957",109981,81515,89263,86033,79610,101671,81090,77657,98104,95108,80020,70178,93952,78525,74084,86100,72393,79882,89542,62171,59174,74781,76030,80929,70868,85958,71633,92170,87295,81857
"g958",14240,16753,15567,20280,16553,15020,14982,15020,12600,13548,14582,15019,15033,16701,14329,14521,16505,16077,15967,14352,17324,14594,14090,17601,15293,15703,15545,15878,15527,17219
"g959",121393,112385,94650,112285,107756,118931,98998,90386,140609,115633,113882,115697,128477,96041,101187,100519,94397,116098,117409,108738,113353,107135,124103,101769,120500,116311,123131,116830,115033,116745
"g960",1465,1393,1656,1381,1457,1669,1495,1680,1643,1581,1711,1660,1517,1849,1586,1895,1555,1554,1509,1718,1545,1435,1436,1626,1519,1361,1688,1520,1510,1430
"g961",6792,7916,7364,8139,8399,7334,7536,7385,7579,8593,7588,8009,7377,8760,7450,6963,8099,8400,7378,7323,7518,8214,6141,8385,8358,7204,8802,7638,8107,8330
"g962",11039,11814,12071,11015,11361,10965,12058,11006,11777,10150,9630,12313,11351,10843,11286,11230,10229,9877,12159,10571,12105,11201,10950,11366,8474,13222,10213,10293,11829,8914
"g963",0,0,0,0,0,0,0,0,0,0,0,0,0,0,0,0,0,0,0,0,0,0,0,0,0,0,0,0,0,0
"g964",652,723,639,724,732,637,688,706,866,658,613,609,603,681,667,663,738,662,744,679,723,710,734,709,648,740,769,748,769,677
"g965",13093,13029,13269,14314,13457,11459,13319,11329,12286,12779,14469,12453,14445,14983,13095,13714,12528,12607,12824,14463,11577,11510,11429,13567,13529,13882,12882,12563,12522,12080
"g966",28,33,31,25,43,38,45,41,42,43,54,63,75,44,50,65,62,75,43,47,50,66,59,48,40,43,36,47,26,19
"g967",35726,39303,28176,29758,35852,36266,29509,27354,32025,28710,32869,28996,32836,24392,23011,28944,26013,33004,30514,29648,29663,27456,20905,21342,28209,29703,35970,23494,29619,30728
"g968",19599,17753,18123,15989,20594,16369,16011,15725,17316,18086,19832,17411,16770,20135,16516,18105,19536,17378,16916,21047,17753,15760,18158,16762,19329,17105,19672,18038,17665,17891
"g969",12410,13068,13194,13480,10776,13035,9709,11560,11635,12768,12832,12415,11342,13264,13282,11783,12127,11541,11377,10322,11642,13160,11736,10071,10206,14775,10471,10961,12093,10876
"g970",29294,38339,32233,23452,33134,33171,26822,32461,29713,29997,28466,22485,27780,27931,28204,28861,27264,33061,33128,25850,32702,32833,32863,25076,29671,31806,25740,35676,28316,26725
"g971",0,0,0,0,0,0,0,0,0,0,0,0,0,0,0,0,0,0,0,0,0,0,0,0,0,0,0,0,0,0
"g972",1164,1129,972,1074,1173,981,1043,1031,1038,1189,1068,1075,1086,1025,1095,869,1172,987,1004,1010,1090,1088,1092,1102,1053,1166,1045,1033,1141,1078
"g973",6320,7201,7342,7294,6655,7143,7107,6521,6838,6513,6665,6719,6405,5814,6169,6568,6797,7133,6718,7382,7005,7141,5923,6014,7239,6746,6000,7300,6777,7093
"g974",48237,73547,63311,57702,57823,68200,60284,58394,56045,59262,57068,61151,57510,67222,68082,57568,66606,62373,57955,60464,62848,81796,66448,60030,56700,60655,70990,57055,62001,64165
"g975",380,451,393,399,379,325,349,349,297,422,350,384,380,394,327,342,407,328,378,341,369,483,422,348,341,309,314,348,382,443
"g976",0,0,0,0,0,0,0,0,0,0,0,0,0,0,0,0,0,0,0,0,0,0,0,0,0,0,0,0,0,0
"g977",11224,12251,11384,11416,12420,12652,13062,11081,13568,14160,12448,12814,13347,13275,11156,13982,11490,11546,13161,13398,14629,14258,13374,12233,12330,12965,12035,10587,13206,13041
"g978",223900,187420,212761,225537,216434,197509,226984,231001,206597,191476,202076,269088,194787,250183,236557,255031,166971,224657,205111,255176,242869,231969,187935,230940,240568,213108,192273,201585,274544,209994
"g979",11934,10495,12999,12198,13819,13509,13535,14154,12255,11914,13302,12230,12676,14950,13984,9818,12139,14162,12927,13510,11305,13814,11537,12721,15039,15311,13513,14416,13473,12354
"g980",68178,75501,68673,62361,55432,71027,54901,65493,60678,77691,55325,60165,68262,69906,59761,62826,70978,68071,51605,62691,55134,76046,69402,72904,64369,61791,54121,65553,66719,74742
"g981",23806,25367,25410,25500,29549,25071,22267,25217,20103,24903,24991,28269,23891,26236,30970,25998,25039,25651,26521,24062,24613,22129,23584,28225,25107,24165,27197,20723,23703,23772
"g982",35745,31789,34996,42842,29964,39516,33779,34541,40580,35959,40837,38571,38695,36721,33546,35277,34447,43783,42321,44288,41241,40522,40518,44688,36375,35789,36345,37628,37042,37352
"g983",44,42,41,52,58,45,45,46,52,42,38,41,58,53,29,43,56,60,43,41,45,26,64,27,43,34,46,56,29,55
"g984",4466,4211,4879,4693,4949,4232,4168,4099,4306,4445,3945,4431,4291,4039,4982,5364,4989,5381,6030,5571,6520,7152,6461,7511,7213,8662,7966,9222,9316,9130
"g985",2677,2954,3082,2902,2602,2785,2961,2776,2775,2805,2996,2548,2780,2588,2754,2695,2400,2853,2657,2875,2814,2972,2822,3234,2808,2630,2839,3061,2834,2785
"g986",1226,1150,1384,1307,1185,1494,1149,1289,1301,1294,1494,1143,1485,1305,1411,1434,1323,1202,1390,1433,1278,1339,1404,1327,1225,1297,1347,1308,1280,1471
"g987",27164,28895,25743,22048,34075,28244,23607,28377,25725,26773,26325,27649,22536,24020,24160,23219,27732,20639,25027,27445,25116,24836,28202,26331,26494,26269,28880,28013,25862,24151
"g988",61330,49723,56794,49360,65305,73053,51543,55438,47893,56192,71190,72119,55408,69282,54319,55007,45161,64466,51947,66085,57131,68858,67760,56489,49693,65450,64824,52119,65861,53535
"g989",35,39,44,84,40,21,56,48,47,33,37,52,58,42,54,43,47,45,29,55,36,44,54,36,48,57,41,67,50,65
"g990",14583,12720,12156,13930,12480,12301,9920,12410,10508,10206,15975,12710,15347,14101,12565,26648,21906,23782,24290,19681,24650,25230,24278,27454,25276,23090,22006,22631,22386,21865
"g991",25341,22609,21440,16944,21465,23282,23224,23153,21770,23832,22301,20099,17687,18862,19545,24645,17473,20250,24764,26281,21049,22363,23979,22091,25901,17421,25195,21412,23669,21279
"g992",176167,167084,140653,155824,179845,160097,173774,186378,178187,209954,164560,131657,146815,162523,133429,134037,155791,163819,149577,172308,158500,149323,146025,164296,171278,140792,147533,143511,137604,190443
"g993",1403,1489,1265,1207,1394,1307,1301,1262,1444,1201,1342,1235,1340,1171,1384,1426,1366,1460,1549,1275,1044,1284,1123,1378,1261,1299,1185,1423,1288,1344
"g994",0,0,0,0,0,0,0,0,0,0,0,0,0,0,0,0,0,0,0,0,0,0,0,0,0,0,0,0,0,0
"g995",2173,2173,2013,2060,2210,2114,2071,2087,2224,2267,2382,2417,2407,2407,2129,2275,2213,2224,2287,2236,2323,2124,2440,2249,2160,2223,2041,2046,2198,2043
"g996",388,353,414,312,367,509,400,306,347,389,351,348,371,337,398,402,355,362,416,339,370,385,403,349,267,280,357,348,299,349
"g997",52782,36088,42844,43924,44249,45709,56424,43691,45147,43673,47205,55629,61239,67345,41295,62257,65513,73213,62798,63113,64090,65029,74269,72800,78505,68554,73187,73529,71062,73278
"g998",132773,118990,166023,146305,187615,183899,141782,152062,148583,132998,147034,128962,149700,124329,129799,108329,116908,173122,109053,169604,141193,128544,130453,156551,123901,124674,168110,153826,126922,155012
"g999",24782,23522,19550,19157,23378,23068,20923,24953,19763,25260,23001,21640,21612,25847,22558,23996,22872,25391,24775,23083,21797,25020,26189,25081,23668,25692,25426,27234,21831,24847
